,Month,WeekOfMonth,DayOfWeek,Make,AccidentArea,DayOfWeekClaimed,MonthClaimed,WeekOfMonthClaimed,Sex,MaritalStatus,Age,Fault,PolicyType,VehicleCategory,VehiclePrice,PolicyNumber,RepNumber,Deductible,DriverRating,Days_Policy_Accident,Days_Policy_Claim,PastNumberOfClaims,AgeOfVehicle,PoliceReportFiled,WitnessPresent,AgentType,NumberOfSuppliments,AddressChange_Claim,NumberOfCars,Year,BasePolicy,AgeGroup,VehiclePrice_Cat,Fraud
6,4,2,6,9,0,6,5,3,1,1,37,0,1,0,1,7061,2,400,3,4,4,0,6,0,0,0,6,0,1,1,1,-1.0,1,0
13,3,1,3,17,0,2,4,2,1,1,72,0,0,0,1,13890,16,400,3,4,4,0,7,0,0,0,3,0,1,2,0,-1.0,1,0
49,6,3,6,13,0,2,7,3,1,1,46,1,0,0,1,7648,7,400,2,4,4,0,7,0,0,0,3,0,1,1,0,-1.0,1,0
50,8,4,1,13,0,2,9,4,1,1,39,0,1,0,2,12803,4,400,2,4,4,1,6,0,0,0,6,0,1,2,1,-1.0,1,0
111,6,1,1,13,0,7,7,2,1,2,38,0,1,0,2,6767,9,400,1,4,4,5,6,0,0,0,6,0,1,1,1,-1.0,1,0
120,10,4,1,13,0,2,11,4,1,1,37,0,0,0,1,12482,12,400,4,4,4,0,5,0,0,0,3,0,1,2,0,-1.0,1,0
128,4,2,0,6,0,7,5,2,0,2,31,0,0,0,0,450,4,400,1,4,4,1,4,0,0,0,0,0,1,0,0,-1.0,0,1
138,10,4,3,6,0,5,11,4,1,1,22,0,1,0,1,15337,3,400,3,4,4,1,4,1,0,0,6,0,1,2,1,-1.0,1,0
143,9,4,0,13,0,6,10,5,1,2,44,0,2,1,1,1091,9,400,1,4,4,0,6,0,0,0,0,0,1,0,2,-1.0,1,0
151,1,2,6,17,0,7,2,4,1,3,55,0,2,1,5,14156,1,400,3,4,4,3,7,0,0,0,6,0,1,2,2,-1.0,2,0
170,4,2,5,0,0,5,5,2,1,1,46,0,6,2,5,1941,12,400,4,4,4,1,7,0,0,0,1,0,1,0,0,-1.0,2,0
179,4,4,2,17,0,2,5,4,1,2,26,0,2,1,1,11829,7,400,1,4,4,3,5,0,0,0,0,0,1,2,2,-1.0,1,0
190,8,4,0,12,0,7,6,2,1,1,42,0,6,2,5,169,6,400,4,4,4,3,7,0,0,0,0,4,2,0,0,-1.0,2,0
200,9,3,5,17,0,2,3,3,1,2,25,0,1,0,1,8536,15,400,2,4,4,5,4,0,0,0,0,0,1,1,1,-1.0,1,0
208,11,2,1,6,0,7,12,5,1,2,0,0,4,1,5,778,11,400,3,4,4,0,0,0,0,0,0,4,2,0,1,-1.0,2,0
212,7,2,2,6,0,1,7,4,1,1,64,0,0,0,0,9290,13,400,4,4,4,1,6,0,0,0,0,0,1,1,0,-1.0,0,0
243,4,3,5,6,0,6,5,3,0,2,41,0,1,0,1,3529,6,400,1,4,4,0,6,0,0,0,3,4,2,0,1,-1.0,1,0
251,1,5,4,13,0,1,12,1,1,1,29,0,2,1,1,7197,10,400,2,4,4,1,6,0,0,0,0,0,1,1,2,-1.0,1,0
254,9,4,0,17,0,2,10,5,1,2,35,0,1,0,0,5121,9,400,3,4,4,1,3,0,0,0,1,0,1,0,1,-1.0,0,0
256,5,1,6,17,0,5,6,4,1,2,31,0,0,0,1,9253,9,400,4,4,4,0,5,0,0,0,6,0,1,1,0,-1.0,1,0
257,11,3,2,13,0,5,12,5,1,1,58,1,0,0,1,6410,9,400,2,4,4,3,7,0,0,0,6,0,1,1,0,-1.0,1,0
258,7,4,5,13,0,7,1,4,1,2,30,0,1,0,2,13829,6,400,4,4,4,0,5,0,0,0,0,0,1,2,1,-1.0,1,0
267,9,1,4,13,0,1,10,1,1,1,42,0,1,0,2,6235,15,400,3,4,4,0,6,0,0,0,6,0,1,1,1,-1.0,1,0
292,1,5,6,17,0,7,12,2,0,1,50,1,0,0,1,2776,13,400,3,4,4,0,7,0,0,0,1,0,1,0,0,-1.0,1,0
296,5,4,4,17,0,2,2,1,1,2,33,0,0,0,1,5229,12,400,3,4,4,0,5,0,0,0,0,0,1,0,0,-1.0,1,1
311,6,1,0,13,0,1,7,2,1,2,27,0,1,0,1,3790,16,400,4,4,4,0,5,0,0,0,6,0,1,0,1,-1.0,1,0
326,6,2,1,17,0,2,7,2,1,1,32,0,2,1,1,11589,10,400,2,4,4,3,4,0,0,0,0,0,1,2,2,-1.0,1,0
333,9,1,4,13,0,5,10,1,1,1,26,0,1,0,2,8921,4,400,4,4,4,0,6,0,0,0,6,0,1,1,1,-1.0,1,0
336,3,3,0,17,0,2,4,4,1,2,30,0,2,1,2,6812,2,400,2,4,4,5,4,0,0,0,0,0,1,1,2,-1.0,1,0
344,11,4,6,17,0,2,11,1,1,1,26,0,1,0,1,6633,12,400,4,4,4,0,4,0,0,0,6,0,1,1,1,-1.0,1,0
349,6,3,1,6,0,1,7,4,0,2,32,0,2,1,1,12109,11,400,4,4,4,3,2,0,0,0,0,0,1,2,2,-1.0,1,0
382,9,4,3,17,0,6,10,5,1,2,25,1,1,0,1,6914,6,400,2,4,4,3,4,0,0,0,0,0,1,1,1,-1.0,1,0
407,5,1,1,2,0,2,6,1,1,2,24,0,1,0,2,7662,4,400,3,4,4,3,4,0,0,1,3,0,1,1,1,-1.0,1,0
416,9,1,0,17,0,1,10,1,1,1,36,0,0,0,0,6846,10,400,3,4,4,3,6,0,0,0,0,0,1,1,0,-1.0,0,0
441,0,2,6,2,0,1,9,1,1,1,56,1,2,1,3,4636,7,400,4,4,4,5,7,0,0,0,3,0,1,0,2,-1.0,2,0
454,10,1,5,9,0,6,11,1,1,2,27,0,1,0,5,12314,16,400,2,4,4,1,5,0,0,0,0,0,1,2,1,-1.0,2,0
458,11,2,3,9,0,6,12,2,1,1,28,0,2,1,1,5436,6,400,2,4,4,3,4,0,0,0,3,0,1,0,2,-1.0,1,0
486,5,3,2,2,0,5,6,4,1,2,27,0,2,1,1,6527,7,400,3,4,4,3,5,0,0,0,6,0,1,1,2,-1.0,1,0
489,6,3,3,13,0,2,6,1,1,2,33,0,2,1,1,6512,16,400,3,4,4,3,5,0,0,0,0,0,1,1,2,-1.0,1,0
559,6,4,6,5,0,5,7,4,1,1,53,1,1,0,3,6948,6,400,3,4,4,0,7,0,0,0,0,0,1,1,1,-1.0,2,0
564,6,5,5,9,0,6,7,5,1,2,49,0,2,1,1,14967,2,400,4,4,4,3,7,0,0,0,1,0,1,2,2,-1.0,1,0
614,6,5,5,13,0,2,6,1,0,1,47,0,1,0,2,9491,7,400,4,4,4,3,7,0,0,0,6,0,1,1,1,-1.0,1,0
620,9,2,4,2,0,1,10,2,1,2,29,1,1,0,1,11196,1,400,3,4,4,5,5,0,0,0,6,0,1,1,1,-1.0,1,0
622,8,3,5,6,0,6,9,3,1,1,43,0,2,1,1,6400,2,400,1,4,4,3,6,0,0,0,0,0,1,1,2,-1.0,1,0
642,0,1,6,6,0,5,7,1,1,1,64,0,1,0,2,4068,2,400,4,4,4,5,7,0,0,0,0,0,1,0,1,-1.0,1,0
681,9,5,1,5,0,6,3,2,1,2,37,0,6,2,5,8253,14,400,4,4,4,1,7,0,0,0,6,0,1,1,0,-1.0,2,1
682,11,3,2,2,0,6,12,4,0,1,48,0,1,0,2,4873,6,400,1,4,4,3,6,0,0,0,0,4,2,0,1,-1.0,1,0
690,4,4,2,17,0,2,5,4,1,2,33,0,0,0,1,1972,9,400,3,4,4,0,4,0,0,0,0,0,1,0,0,-1.0,1,0
711,9,1,2,13,0,6,10,2,1,1,42,0,1,0,1,4772,12,400,3,4,4,1,7,0,0,0,6,0,1,0,1,-1.0,1,0
718,6,3,5,6,0,1,7,4,1,1,42,1,0,0,2,13094,13,400,1,4,4,0,7,0,0,0,3,0,1,2,0,-1.0,1,0
738,1,5,1,9,0,1,12,1,1,2,29,0,1,0,1,7585,15,400,1,4,4,3,5,0,0,0,0,0,1,1,1,-1.0,1,0
743,8,1,0,13,0,6,9,2,1,1,35,0,1,0,2,631,2,400,2,4,4,3,5,0,0,0,0,4,2,0,1,-1.0,1,0
776,7,4,5,9,0,6,8,5,1,1,46,0,2,1,1,497,3,400,4,4,4,5,5,0,0,0,0,0,1,0,2,-1.0,1,0
789,9,2,0,13,0,7,5,2,1,2,27,0,0,0,0,1793,9,400,4,4,4,0,5,0,0,0,0,0,1,0,0,-1.0,0,0
815,11,3,6,13,0,7,11,1,1,1,32,0,1,0,1,5921,8,400,4,4,4,0,5,0,0,0,0,0,1,0,1,-1.0,1,0
825,9,1,5,6,0,2,10,4,1,1,64,0,0,0,0,5018,2,400,3,4,4,0,7,0,0,0,1,0,1,0,0,-1.0,0,0
872,8,3,3,2,0,5,9,4,1,1,49,0,6,2,5,4023,14,400,4,4,4,1,7,0,0,0,6,0,1,0,0,-1.0,2,0
902,9,1,0,17,0,6,10,3,1,1,71,0,1,0,1,8178,11,400,2,4,4,3,7,0,0,0,1,0,1,1,1,-1.0,1,0
941,9,4,2,6,0,6,10,5,1,1,42,0,1,0,2,12457,8,400,4,4,4,3,6,0,0,0,6,0,1,2,1,-1.0,1,0
942,11,1,3,13,0,7,12,4,1,2,24,1,1,0,1,4883,5,400,4,4,4,1,4,0,0,0,6,0,1,0,1,-1.0,1,0
950,7,1,1,13,0,6,8,2,1,1,43,0,2,1,2,11192,7,700,2,4,4,3,6,1,1,0,1,0,1,1,2,-1.0,1,0
964,3,4,0,6,0,1,4,4,1,2,30,1,1,0,1,9820,2,400,4,4,4,5,5,0,0,0,0,0,1,1,1,-1.0,1,0
966,11,3,1,9,0,5,12,4,1,2,22,1,2,1,2,9769,5,400,1,4,4,5,4,0,0,0,6,0,1,1,2,-1.0,1,0
978,8,2,6,2,0,5,9,2,1,1,50,0,1,0,5,4281,12,400,3,4,4,1,7,0,0,0,6,0,1,0,1,-1.0,2,0
979,11,2,3,13,0,3,12,3,1,1,37,1,1,0,1,6844,16,400,1,4,4,3,6,0,0,0,0,0,1,1,1,-1.0,1,0
984,8,1,4,6,0,2,9,2,1,2,0,0,1,0,5,11878,11,400,2,4,4,1,0,0,0,0,0,0,1,2,1,-1.0,2,0
985,9,2,1,13,0,7,10,2,1,2,26,0,1,0,1,2760,16,400,4,4,4,0,5,0,0,0,3,0,1,0,1,-1.0,1,0
987,4,5,1,6,0,6,4,1,1,2,18,0,4,1,5,964,4,400,3,4,4,0,2,0,0,0,0,0,1,0,1,-1.0,2,1
998,9,1,3,13,0,6,10,2,0,2,34,0,2,1,1,11724,11,400,1,4,4,3,5,0,0,0,0,0,1,2,2,-1.0,1,0
999,8,3,2,17,0,7,9,3,1,1,26,0,1,0,0,6243,7,400,2,4,4,0,5,0,0,0,6,0,1,1,1,-1.0,0,0
1003,4,1,4,6,0,7,5,4,1,1,31,0,1,0,2,1947,5,400,1,4,4,1,5,0,0,0,3,0,1,0,1,-1.0,1,0
1042,11,5,4,17,0,1,12,5,1,1,28,0,1,0,0,2462,4,400,2,4,4,3,5,0,0,0,3,0,1,0,1,-1.0,0,0
1056,7,1,6,13,0,5,8,1,0,2,37,0,1,0,1,237,3,400,4,4,4,3,6,0,1,0,6,0,1,0,1,-1.0,1,0
1058,3,1,6,0,0,1,4,1,1,1,60,0,6,2,5,13669,8,500,1,4,4,0,6,0,0,0,6,2,1,2,0,-1.0,2,0
1099,11,2,5,0,0,5,12,3,1,1,45,0,6,2,5,7410,16,700,2,4,4,0,6,0,0,0,0,0,1,1,0,-1.0,2,0
1110,7,1,6,17,0,1,8,1,1,2,26,0,0,0,2,5638,4,400,4,4,4,1,5,0,0,0,0,0,1,0,0,-1.0,1,0
1114,6,1,0,13,0,2,7,1,1,1,52,1,0,0,1,7703,9,400,4,4,4,1,7,0,0,0,0,0,1,1,0,-1.0,1,0
1136,1,5,5,5,0,5,12,1,1,1,51,0,0,0,3,347,10,400,2,4,4,1,7,0,0,0,6,0,1,0,0,-1.0,2,0
1146,11,5,0,9,0,6,10,3,1,1,39,0,1,0,2,5135,13,400,1,4,4,3,6,0,0,0,3,0,1,0,1,-1.0,1,0
1149,5,4,6,6,0,5,6,4,0,1,51,0,1,0,1,6025,12,400,3,4,4,3,6,0,0,0,0,0,1,0,1,-1.0,1,0
1230,3,1,4,13,0,5,4,2,1,1,61,0,2,1,1,7777,8,400,1,4,4,0,7,0,0,0,0,0,1,1,2,-1.0,1,0
1255,8,2,6,6,0,1,9,3,1,2,0,0,2,1,5,7614,14,400,1,4,4,3,0,1,0,0,0,0,1,1,2,-1.0,2,0
1282,8,3,3,0,0,2,9,3,1,1,39,0,0,0,2,11370,1,400,1,4,4,3,7,0,0,0,1,0,1,2,0,-1.0,1,0
1313,0,3,2,17,0,5,7,4,0,2,28,0,0,0,1,2910,3,400,1,4,4,3,6,0,0,0,0,0,1,0,0,-1.0,1,1
1328,7,4,4,17,0,5,8,5,1,2,60,0,2,1,2,9193,5,400,1,4,4,1,7,0,0,0,6,0,1,1,2,-1.0,1,0
1330,9,4,5,6,0,7,10,5,1,1,42,1,0,0,0,15412,1,400,1,4,4,1,6,0,0,0,0,0,1,2,0,-1.0,0,0
1345,11,1,1,9,0,5,12,4,1,1,43,1,1,0,2,12672,9,400,1,4,4,1,6,0,0,0,6,0,1,2,1,-1.0,1,0
1349,10,5,1,9,0,7,10,1,1,1,46,0,0,0,0,7612,16,400,1,4,4,3,6,0,0,0,6,0,1,1,0,-1.0,0,1
1356,11,2,5,13,0,2,12,4,0,2,27,1,1,0,1,6366,8,400,4,4,4,3,5,0,0,0,6,0,1,1,1,-1.0,1,0
1359,11,5,4,13,0,6,11,1,1,2,32,1,0,0,1,9243,10,400,3,4,4,0,5,0,0,0,1,0,1,1,0,-1.0,1,0
1383,8,2,0,13,0,1,9,2,1,1,47,0,2,1,2,9338,16,400,3,4,4,3,6,0,0,0,6,0,1,1,2,-1.0,1,0
1395,8,5,5,13,0,5,7,3,1,1,65,1,0,0,1,9261,6,400,1,4,4,3,6,0,0,0,3,0,1,1,0,-1.0,1,0
1428,11,5,0,2,0,2,11,1,1,1,57,0,1,0,5,6769,16,400,2,4,4,3,6,0,0,0,3,0,1,1,1,-1.0,2,1
1430,9,4,4,6,0,1,8,2,1,2,0,0,0,0,5,6078,3,400,4,4,4,0,0,0,0,0,0,0,1,0,0,-1.0,2,0
1438,4,1,2,9,0,6,4,1,1,1,49,0,2,1,1,8696,16,400,2,4,4,3,7,0,0,0,6,0,1,1,2,-1.0,1,0
1439,9,4,6,17,0,2,10,5,1,1,37,0,2,1,2,11988,4,400,2,4,4,5,7,0,0,0,6,0,1,2,2,-1.0,1,0
1458,7,1,2,9,0,5,8,4,1,2,31,0,0,0,1,1289,10,400,3,4,4,0,5,0,0,0,0,0,1,0,0,-1.0,1,0
1463,3,1,2,2,0,7,4,2,1,1,50,0,1,0,1,2208,5,400,4,4,4,0,7,0,0,0,0,0,1,0,1,-1.0,1,0
1464,3,1,4,13,0,1,4,1,1,1,52,0,1,0,1,518,13,400,4,4,4,0,7,0,0,0,6,0,1,0,1,-1.0,1,0
1499,0,4,2,6,0,5,9,1,1,2,28,1,0,0,0,11208,7,400,4,4,4,5,5,0,0,0,1,0,1,1,0,-1.0,0,0
1511,11,4,3,13,0,7,12,5,1,2,49,0,6,2,5,11424,2,400,2,4,4,5,7,0,0,0,1,0,1,2,0,-1.0,2,0
1529,8,2,3,17,0,2,9,2,1,2,34,0,0,0,1,305,7,400,1,4,4,3,6,0,0,0,3,0,1,0,0,-1.0,1,0
1535,3,1,0,13,0,1,4,1,1,1,31,0,1,0,1,14131,6,400,4,4,4,3,6,0,0,0,0,0,1,2,1,-1.0,1,0
1562,11,5,6,13,0,2,10,2,1,0,48,0,0,0,1,5049,3,400,1,4,4,0,7,0,0,0,0,0,1,0,0,-1.0,1,0
1567,7,1,1,17,0,5,8,2,1,1,38,0,1,0,2,7303,11,400,1,4,4,1,6,0,0,0,6,0,1,1,1,-1.0,1,0
1576,8,3,0,13,0,2,9,4,1,1,28,1,0,0,1,651,14,400,3,4,4,1,6,0,0,0,0,0,1,0,0,-1.0,1,0
1581,0,3,2,5,0,2,9,1,1,2,34,0,1,0,1,2923,6,400,4,4,4,3,5,0,0,0,0,0,1,0,1,-1.0,1,1
1609,5,2,0,6,0,2,6,2,1,1,47,1,1,0,1,13373,15,400,3,4,4,3,7,1,0,0,3,0,1,2,1,-1.0,1,0
1624,5,1,1,6,0,6,6,1,1,2,37,0,0,0,0,10541,5,700,1,4,4,0,6,0,0,0,1,0,1,1,0,-1.0,0,0
1626,10,4,2,13,0,6,11,4,1,2,35,0,2,1,1,4071,11,400,4,4,4,0,5,0,0,0,0,0,1,0,2,-1.0,1,0
1643,8,1,3,13,0,2,9,2,1,1,31,0,2,1,2,11855,5,400,4,4,4,0,5,0,0,0,0,0,1,2,2,-1.0,1,0
1678,8,3,2,17,0,2,9,3,1,1,32,1,1,0,1,3764,5,400,1,4,4,3,6,0,0,0,6,0,1,0,1,-1.0,1,0
1684,7,3,0,5,0,7,8,4,1,1,55,0,6,2,5,10877,9,400,4,4,4,1,7,0,0,0,6,0,1,1,0,-1.0,2,1
1694,2,2,5,17,0,2,3,3,1,2,31,0,2,1,2,3573,12,400,1,4,4,5,6,0,0,0,0,0,1,0,2,-1.0,1,0
1705,9,1,6,6,0,2,3,1,1,2,26,0,2,1,2,6120,4,400,2,4,4,0,6,0,0,1,0,0,1,0,2,-1.0,1,0
1733,1,1,0,2,0,1,2,1,1,2,47,0,7,2,5,5513,15,400,3,4,4,0,7,0,0,0,1,0,1,0,1,-1.0,2,1
1738,4,1,2,6,0,7,5,3,1,2,0,0,0,0,5,5251,15,400,4,4,4,0,0,0,0,0,0,4,2,0,0,-1.0,2,0
1761,7,4,0,9,0,6,8,5,1,1,35,0,1,0,1,4008,13,400,2,4,4,3,5,0,0,0,3,0,1,0,1,-1.0,1,0
1798,2,3,4,2,0,1,3,3,1,2,34,0,2,1,1,8286,12,400,4,4,4,5,5,0,0,0,6,0,1,1,2,-1.0,1,0
1799,6,3,1,16,0,7,7,5,1,1,31,0,1,0,2,11222,14,400,1,4,4,0,6,0,0,0,6,0,1,1,1,-1.0,1,0
1811,7,1,6,2,0,6,8,3,1,1,44,1,2,1,5,9597,12,400,3,4,4,3,6,0,0,0,0,0,1,1,2,-1.0,2,0
1834,6,4,5,13,0,6,7,4,1,1,61,0,2,1,2,15013,8,400,1,4,4,3,7,0,0,0,0,0,1,2,2,-1.0,1,0
1845,11,2,1,9,0,1,12,4,1,1,34,0,1,0,2,5104,10,400,4,4,4,3,6,0,0,0,0,4,2,0,1,-1.0,1,0
1849,9,1,5,9,0,1,10,1,1,2,31,1,2,1,2,14283,12,400,2,4,4,3,6,1,0,0,3,0,1,2,2,-1.0,1,0
1854,1,1,3,6,0,1,4,2,1,2,0,0,2,1,5,11921,14,400,3,4,4,3,0,0,0,0,0,0,1,2,2,-1.0,2,0
1861,11,4,2,13,0,2,11,1,1,1,30,0,0,0,1,12312,7,400,3,4,4,3,6,0,0,0,1,0,1,2,0,-1.0,1,0
1873,8,5,2,6,0,2,9,5,1,2,0,0,2,1,5,14024,7,400,2,4,4,0,0,0,0,0,0,0,1,2,2,-1.0,2,0
1875,6,3,6,9,0,7,7,3,1,1,42,0,2,1,1,6547,16,400,3,4,4,5,6,0,0,0,0,0,1,1,2,-1.0,1,0
1946,7,2,6,17,0,7,8,2,1,1,43,0,1,0,2,6575,16,400,2,4,4,3,6,0,0,0,6,0,1,1,1,-1.0,1,0
1964,8,1,3,6,0,6,9,1,1,1,38,0,2,1,2,9266,5,400,2,4,4,3,6,0,0,0,6,0,1,1,2,-1.0,1,0
1966,7,1,6,2,0,6,8,3,1,1,40,0,7,2,5,7336,16,400,2,4,4,3,6,0,0,0,6,0,1,1,1,-1.0,2,0
1991,7,5,6,17,0,7,8,5,1,1,58,1,0,0,1,1916,2,400,3,4,4,0,7,0,0,0,0,0,1,0,0,-1.0,1,0
2004,10,4,4,6,0,5,11,4,1,1,41,1,1,0,2,14187,12,400,2,4,4,0,6,0,0,0,1,0,3,2,1,-1.0,1,0
2039,10,5,3,17,0,5,10,1,1,1,41,0,2,1,5,8430,13,400,4,4,4,1,5,0,0,0,1,0,1,1,2,-1.0,2,0
2043,7,1,6,13,0,5,8,1,0,2,27,0,2,1,2,13637,12,400,4,4,4,3,5,0,0,0,0,0,1,2,2,-1.0,1,0
2058,2,4,5,6,0,2,5,2,1,2,0,0,1,0,5,8700,8,400,2,4,4,0,0,0,0,0,0,0,1,1,1,-1.0,2,0
2077,11,3,0,2,0,1,12,4,1,1,26,0,2,1,1,13382,9,400,1,4,4,3,5,0,0,0,1,0,1,2,2,-1.0,1,0
2093,5,1,5,17,0,7,6,1,1,1,35,0,0,0,1,6897,10,400,2,4,4,3,5,0,0,0,6,0,1,1,0,-1.0,1,0
2108,6,5,6,0,0,3,6,1,1,1,41,1,1,0,2,3931,14,400,2,4,4,0,6,0,0,0,3,0,1,0,1,-1.0,1,0
2109,5,2,4,2,0,2,6,3,1,1,54,0,6,2,5,11753,5,400,2,4,4,3,7,0,0,0,6,0,1,2,0,-1.0,2,0
2126,10,5,1,2,0,6,11,5,1,1,22,0,2,1,2,9733,7,400,1,4,4,0,4,0,0,0,3,0,1,1,2,-1.0,1,0
2167,5,1,6,13,0,5,6,2,1,1,29,0,1,0,1,6402,11,400,3,4,4,1,5,0,0,0,6,0,1,1,1,-1.0,1,0
2194,7,3,6,6,0,5,8,4,1,2,0,1,6,2,5,13685,7,400,1,4,4,3,0,0,0,0,0,0,1,2,0,-1.0,2,0
2229,8,5,5,13,0,1,7,1,1,1,66,1,0,0,1,6158,9,400,1,4,4,1,7,0,0,0,0,0,1,1,0,-1.0,1,0
2230,6,1,4,2,0,5,7,1,1,2,32,0,2,1,1,3791,5,400,3,4,4,3,5,0,0,0,3,0,1,0,2,-1.0,1,0
2249,11,1,2,18,0,2,12,1,1,2,26,1,2,1,3,8890,14,400,1,4,4,3,6,0,0,0,6,0,1,1,2,-1.0,2,0
2268,11,3,5,9,0,6,12,3,1,1,49,1,2,1,1,14818,5,400,3,4,4,1,6,0,0,0,0,0,1,2,2,-1.0,1,0
2292,10,1,5,17,0,6,11,1,0,0,47,0,1,0,2,7340,13,400,2,4,4,1,6,0,0,0,1,0,3,1,1,-1.0,1,0
2304,9,1,3,17,0,6,10,5,1,1,30,0,1,0,1,12822,15,400,2,4,4,0,6,0,0,0,0,0,1,2,1,-1.0,1,0
2311,10,2,4,13,0,1,11,3,1,2,26,0,1,0,1,7668,12,400,3,4,4,3,6,0,0,0,1,0,3,1,1,-1.0,1,0
2332,9,3,6,17,0,5,10,3,0,1,37,1,1,0,1,13386,15,400,3,4,4,0,5,0,0,0,6,0,1,2,1,-1.0,1,0
2359,5,5,1,9,0,2,6,5,1,2,30,0,2,1,2,3848,14,400,1,4,4,3,5,0,0,0,6,0,1,0,2,-1.0,1,0
2375,7,4,3,13,0,2,8,5,0,1,34,0,1,0,2,2362,6,400,2,4,4,3,6,0,0,0,1,0,1,0,1,-1.0,1,1
2414,3,3,5,13,0,1,4,3,1,2,39,1,0,0,1,9647,1,400,1,4,4,1,6,0,0,0,6,1,1,1,0,-1.0,1,0
2422,8,3,1,13,0,5,9,3,1,2,27,1,1,0,1,14488,13,400,2,4,4,0,6,0,1,0,0,0,1,2,1,-1.0,1,0
2433,4,2,3,9,0,7,5,3,1,2,27,0,1,0,1,3562,2,400,3,4,4,1,6,0,0,0,6,0,1,0,1,-1.0,1,0
2438,0,1,2,2,0,5,9,4,1,1,57,0,0,0,1,15049,1,400,1,4,4,0,5,0,0,0,1,0,1,2,0,-1.0,1,0
2454,8,2,1,6,0,2,9,2,1,1,62,0,1,0,0,13823,2,400,1,4,4,3,7,0,0,0,0,0,1,2,1,-1.0,0,0
2455,5,2,5,13,0,2,6,3,0,1,37,0,2,1,3,14139,6,400,3,4,4,3,5,0,0,0,1,0,1,2,2,-1.0,2,0
2527,3,1,5,6,0,5,4,1,0,2,35,0,1,0,1,12050,6,400,4,4,4,3,5,0,0,0,6,0,1,2,1,-1.0,1,0
2528,10,2,3,6,0,5,11,3,0,1,39,0,2,1,2,4048,8,400,1,4,4,3,6,0,0,0,6,0,1,0,2,-1.0,1,0
2541,10,2,6,13,0,2,11,3,1,1,54,0,2,1,2,15169,2,400,4,4,4,5,6,0,0,0,0,0,1,2,2,-1.0,1,0
2543,9,3,2,1,0,2,10,4,1,1,58,0,0,0,1,9926,6,400,2,4,4,0,7,0,0,0,6,0,1,1,0,-1.0,1,0
2558,0,3,1,13,0,7,9,1,1,2,23,0,2,1,1,2969,11,400,1,0,4,1,4,0,0,0,1,0,1,0,2,-1.0,1,0
2569,6,2,5,16,0,2,7,2,1,1,42,1,0,0,1,6816,8,400,1,4,4,3,7,0,0,0,1,0,1,1,0,-1.0,1,0
2593,6,3,3,6,0,1,6,2,1,2,0,0,0,0,5,1071,15,400,3,4,4,0,0,0,0,0,0,0,1,0,0,-1.0,2,0
2594,1,4,0,5,0,7,12,3,0,1,52,1,0,0,3,8155,12,400,4,4,4,3,7,0,0,0,3,0,1,1,0,-1.0,2,0
2603,7,3,3,17,0,6,8,4,1,1,45,0,0,0,1,2174,7,400,3,4,4,3,7,0,0,0,6,0,3,0,0,-1.0,1,1
2626,9,1,4,2,0,2,10,2,1,1,59,0,0,0,2,1185,9,400,3,4,4,0,7,0,0,0,3,0,1,0,0,-1.0,1,0
2644,7,1,4,0,0,1,8,3,1,1,34,0,1,0,1,10487,16,400,3,4,4,3,5,0,0,0,0,0,1,1,1,-1.0,1,0
2645,2,4,0,13,0,2,5,1,1,2,35,0,2,1,2,5256,7,400,3,4,4,5,4,0,0,0,6,0,1,0,2,-1.0,1,0
2667,8,1,6,17,0,2,9,5,1,1,49,1,1,0,1,2069,9,400,3,4,4,3,7,0,0,0,6,0,1,0,1,-1.0,1,0
2668,5,3,2,13,0,2,6,3,1,2,28,0,2,1,1,6364,8,400,4,4,4,5,5,0,0,0,0,4,2,1,2,-1.0,1,0
2701,9,1,5,17,0,7,3,2,1,2,31,1,1,0,1,9916,8,400,3,4,4,3,6,0,0,0,1,0,1,1,1,-1.0,1,0
2715,10,3,3,13,0,6,11,4,0,1,54,0,1,0,1,14701,15,400,1,4,4,3,7,0,0,0,6,4,2,2,1,-1.0,1,0
2718,10,4,2,18,0,6,11,4,1,1,53,0,1,0,4,9641,12,400,4,4,4,0,7,0,0,0,0,0,1,1,1,-1.0,2,0
2742,11,3,4,13,0,2,11,1,1,1,47,1,1,0,1,11512,6,400,3,4,4,0,6,0,0,0,1,0,1,2,1,-1.0,1,0
2749,2,3,3,13,0,2,3,3,1,2,27,0,2,1,1,9743,12,400,2,4,4,3,5,0,0,1,6,0,1,1,2,-1.0,1,0
2753,3,2,6,17,0,5,4,2,1,2,34,0,1,0,5,3905,14,400,4,4,4,3,4,0,0,0,6,0,1,0,1,-1.0,2,0
2782,4,1,4,6,0,1,5,2,1,1,34,0,2,1,1,3617,9,400,2,4,4,0,6,0,0,0,6,0,1,0,2,-1.0,1,0
2801,7,1,6,13,0,6,8,2,0,1,54,0,1,0,1,10440,1,400,2,4,4,0,5,0,0,0,0,0,1,1,1,-1.0,1,1
2815,11,1,2,9,0,3,12,1,1,2,34,1,1,0,2,8139,4,400,2,4,4,3,5,1,1,0,1,0,1,1,1,-1.0,1,0
2817,8,3,4,2,0,1,9,3,0,1,26,0,1,0,1,13796,2,400,3,4,4,1,4,0,0,0,6,0,1,2,1,-1.0,1,0
2840,11,2,0,13,0,7,12,2,1,2,23,0,1,0,2,12994,3,400,2,4,4,3,4,0,0,0,6,0,1,2,1,-1.0,1,0
2903,0,3,6,9,0,1,9,1,1,2,33,0,1,0,1,3843,1,400,1,4,4,0,6,0,0,0,6,0,1,0,1,-1.0,1,0
2915,10,1,1,2,0,6,11,2,1,1,27,0,1,0,5,2491,3,400,1,4,4,3,6,0,0,0,0,0,1,0,1,-1.0,2,0
2931,9,3,0,13,0,2,10,3,0,2,35,0,1,0,1,5771,10,400,2,4,4,3,5,0,0,0,0,0,1,0,1,-1.0,1,0
2938,8,2,0,13,0,2,7,2,1,2,32,0,2,1,1,12683,6,400,3,4,4,5,5,0,0,0,6,0,1,2,2,-1.0,1,0
2962,4,1,1,9,0,6,5,2,1,2,28,1,4,1,5,9065,10,400,1,4,4,1,4,0,0,0,0,0,1,1,1,-1.0,2,0
2978,11,2,6,18,0,6,12,2,1,1,74,0,0,0,3,2353,16,400,4,4,4,3,7,0,0,0,1,4,2,0,0,-1.0,2,0
2994,1,1,4,13,0,1,2,1,1,2,27,0,2,1,2,1555,2,400,4,4,4,3,6,0,0,0,6,4,2,0,2,-1.0,1,0
3004,7,1,5,17,0,5,8,1,1,1,61,0,1,0,1,5279,9,400,2,4,4,5,7,0,0,0,0,1,1,0,1,-1.0,1,0
3007,6,3,4,2,0,5,7,3,1,1,41,1,1,0,5,2041,10,500,4,4,4,0,6,0,0,0,1,2,1,0,1,-1.0,2,1
3009,1,4,6,2,0,7,11,4,1,1,31,0,1,0,1,9446,5,400,3,4,4,3,5,0,0,0,6,0,1,1,1,-1.0,1,0
3010,6,4,3,6,0,2,7,4,1,2,0,0,2,1,5,14968,11,400,2,4,4,5,0,0,0,0,0,0,1,2,2,-1.0,2,0
3013,3,4,6,17,0,7,4,4,1,2,40,1,1,0,5,11356,4,400,4,4,4,0,5,0,0,0,3,0,1,2,1,-1.0,2,0
3031,10,1,5,13,0,5,11,1,1,1,78,0,0,0,1,6922,4,400,1,4,4,0,7,0,0,0,0,0,1,1,0,-1.0,1,1
3038,1,5,3,9,0,5,12,2,1,2,24,1,4,1,5,2024,11,400,1,4,4,3,4,0,0,0,0,0,1,0,1,-1.0,2,0
3040,6,5,6,6,0,6,5,4,1,2,0,0,0,0,5,10307,7,400,2,4,4,1,0,0,0,0,0,0,1,1,0,-1.0,2,0
3060,4,4,4,0,0,2,5,5,1,1,35,0,0,0,5,6989,8,400,1,4,4,0,5,0,0,0,6,0,1,1,0,-1.0,2,0
3079,7,2,0,9,0,1,8,3,1,1,52,1,1,0,1,8037,13,400,1,4,4,3,7,0,0,0,6,0,3,1,1,-1.0,1,0
3080,6,1,0,6,0,2,7,1,1,2,33,1,2,1,2,4884,10,400,1,4,4,0,6,0,0,0,6,0,1,0,2,-1.0,1,0
3083,5,1,6,17,0,2,6,5,1,2,48,0,1,0,2,1836,12,400,3,4,4,1,7,0,0,0,1,0,1,0,1,-1.0,1,0
3100,10,4,2,6,0,5,11,4,1,1,28,1,1,0,1,3013,13,400,1,4,4,3,6,0,0,0,0,0,1,0,1,-1.0,1,0
3125,6,3,6,13,0,5,7,3,1,1,54,0,2,1,1,809,3,400,4,4,4,5,6,0,0,0,6,0,1,0,2,-1.0,1,0
3158,8,4,1,17,0,5,6,2,1,1,55,0,0,0,5,6001,5,400,3,4,4,3,7,0,0,0,1,0,1,0,0,-1.0,2,0
3163,4,1,2,13,0,1,9,3,1,1,48,0,1,0,1,8805,9,700,2,4,4,0,6,0,0,0,0,0,1,1,1,-1.0,1,0
3169,3,1,4,9,0,1,4,1,1,2,34,1,0,0,2,9802,10,400,3,4,4,0,5,0,0,0,3,0,1,1,0,-1.0,1,0
3173,6,4,2,17,0,2,7,4,1,2,43,0,0,0,1,1178,9,400,4,4,4,3,7,0,0,0,6,0,1,0,0,-1.0,1,0
3180,6,2,5,13,0,7,7,2,1,1,47,1,2,1,1,3218,13,400,4,4,4,5,7,0,0,0,6,0,1,0,2,-1.0,1,0
3181,9,3,2,13,0,2,3,1,1,1,36,0,1,0,1,10690,5,400,1,4,4,0,6,0,0,0,0,4,2,1,1,-1.0,1,0
3186,7,3,0,17,0,1,8,3,1,1,32,0,1,0,2,2151,2,400,4,4,4,0,6,0,0,0,1,0,1,0,1,-1.0,1,0
3215,11,3,4,17,0,2,12,3,1,1,37,0,2,1,2,6578,15,400,4,4,4,0,7,0,0,0,0,0,1,1,2,-1.0,1,0
3236,5,4,2,13,0,2,2,2,1,2,34,0,1,0,2,5834,7,400,3,4,4,3,5,0,0,0,3,0,1,0,1,-1.0,1,0
3290,10,2,1,5,0,5,5,4,1,2,24,0,6,2,5,15292,8,400,3,4,4,0,3,0,0,0,6,0,1,2,0,-1.0,2,0
3295,1,3,0,13,0,5,12,1,1,1,40,0,2,1,1,5187,11,400,4,4,4,3,6,0,0,0,0,0,1,0,2,-1.0,1,0
3320,6,3,2,17,0,6,7,4,1,1,50,1,0,0,1,3510,1,400,3,4,4,1,7,1,0,0,0,0,1,0,0,-1.0,1,0
3322,11,3,5,9,0,6,11,1,1,1,27,0,2,1,2,11347,11,400,1,4,4,3,5,0,0,0,6,0,1,2,2,-1.0,1,0
3327,1,2,6,2,0,1,2,2,1,2,30,0,1,0,1,7938,1,400,2,4,4,5,5,0,0,0,6,0,1,1,1,-1.0,1,0
3366,4,5,5,17,0,7,4,1,1,2,45,0,0,0,0,10438,2,400,3,4,4,0,6,0,0,0,1,4,2,1,0,-1.0,0,0
3394,11,2,5,0,0,2,12,3,1,1,61,0,6,2,5,2291,14,400,4,1,3,3,7,0,0,0,0,0,1,0,0,-1.0,2,0
3397,11,5,0,9,0,2,11,2,1,2,30,0,1,0,1,11057,6,400,2,4,4,0,5,0,0,0,0,0,1,1,1,-1.0,1,0
3405,7,4,2,6,0,6,8,5,1,2,28,0,1,0,1,7840,16,400,3,4,4,3,5,0,0,0,0,0,1,1,1,-1.0,1,0
3414,1,2,6,9,0,7,8,1,1,2,27,0,4,1,5,2985,3,400,3,4,4,3,6,0,0,0,0,0,1,0,1,-1.0,2,0
3421,7,1,3,9,0,2,8,2,1,1,30,0,1,0,5,1781,4,400,4,4,4,3,5,0,0,0,0,0,1,0,1,-1.0,2,1
3442,7,1,5,2,0,1,8,1,1,1,49,0,1,0,2,3584,8,400,4,4,4,0,7,0,0,0,0,0,1,0,1,-1.0,1,0
3468,8,4,5,17,0,5,9,4,1,1,60,0,0,0,1,3002,11,400,2,4,4,0,7,0,0,0,0,0,1,0,0,-1.0,1,0
3480,3,2,5,13,0,7,4,2,1,2,29,1,1,0,1,1796,3,400,2,4,4,3,6,0,0,0,1,0,1,0,1,-1.0,1,0
3494,11,4,3,13,0,6,12,4,1,1,53,0,2,1,2,12247,11,400,3,4,4,1,7,0,0,0,3,0,1,2,2,-1.0,1,0
3496,3,3,3,2,0,6,11,2,1,1,50,0,0,0,5,1437,16,400,4,4,4,3,7,0,0,0,6,0,1,0,0,-1.0,2,1
3512,6,1,4,6,0,5,7,1,1,2,29,0,2,1,1,13131,11,400,2,4,4,3,5,0,0,0,1,0,1,2,2,-1.0,1,0
3515,7,2,5,13,0,7,8,2,1,1,72,1,2,1,1,10449,3,400,1,4,4,1,7,0,0,0,6,0,1,1,2,-1.0,1,0
3528,8,1,1,6,0,7,9,4,1,2,0,0,2,1,5,59,15,400,4,4,4,0,0,0,0,0,0,0,1,0,2,-1.0,2,0
3548,10,3,2,13,0,7,11,4,0,2,30,0,1,0,1,10840,9,400,3,4,4,1,4,0,0,0,0,0,1,1,1,-1.0,1,0
3550,11,4,0,9,0,6,12,4,0,1,31,0,2,1,1,8762,10,400,4,4,4,0,5,0,0,0,3,0,1,1,2,-1.0,1,0
3561,5,3,1,13,0,6,6,3,1,2,44,0,2,1,1,8491,4,400,2,4,4,0,6,0,0,0,0,0,1,1,2,-1.0,1,0
3562,11,3,1,13,0,6,11,1,1,2,29,0,2,1,1,4995,2,400,1,4,4,3,6,0,0,0,3,0,1,0,2,-1.0,1,0
3577,8,2,5,13,0,1,9,2,1,1,39,1,0,0,0,13870,6,400,4,4,4,0,4,0,0,0,3,0,1,2,0,-1.0,0,0
3595,9,2,5,2,0,6,10,3,1,2,29,0,6,2,5,7822,2,400,2,4,4,0,5,0,0,0,0,0,1,1,0,-1.0,2,1
3598,8,2,6,6,0,5,9,4,0,1,37,1,2,1,1,9620,12,400,3,4,4,5,6,0,0,0,0,0,1,1,2,-1.0,1,0
3630,6,2,2,17,0,1,6,1,1,1,65,1,2,1,1,4,4,400,2,4,4,1,7,1,0,0,6,0,1,0,2,-1.0,1,0
3632,8,2,4,17,0,1,9,4,1,1,59,0,0,0,1,4199,13,400,4,4,4,1,6,0,0,0,0,0,1,0,0,-1.0,1,0
3637,9,3,5,17,0,7,10,3,1,1,27,1,1,0,0,8259,7,400,1,4,4,0,6,0,0,0,6,0,1,1,1,-1.0,0,0
3647,9,2,6,2,0,5,10,2,1,1,51,0,0,0,2,10812,11,400,2,4,4,3,7,0,0,0,6,0,1,1,0,-1.0,1,0
3671,8,3,1,13,0,7,9,3,1,1,42,0,2,1,1,13586,2,400,4,4,4,5,6,0,0,0,1,0,1,2,2,-1.0,1,0
3672,9,3,5,9,0,6,10,3,1,1,44,0,2,1,2,8101,6,400,1,4,4,3,6,0,0,0,6,0,1,1,2,-1.0,1,0
3676,7,2,2,13,0,2,8,2,1,1,44,0,2,1,1,6976,9,700,2,4,4,5,7,0,0,0,3,0,1,1,2,-1.0,1,0
3683,9,2,4,13,0,6,10,3,1,2,35,0,2,1,1,10922,11,400,3,4,4,0,6,0,0,0,6,0,1,1,2,-1.0,1,0
3687,1,5,1,6,0,2,12,1,1,2,27,0,1,0,1,5148,7,400,4,4,4,3,5,0,0,0,1,0,1,0,1,-1.0,1,0
3695,11,2,3,17,0,2,12,2,1,1,57,0,1,0,1,1112,2,400,4,4,4,3,7,0,0,0,0,0,1,0,1,-1.0,1,0
3706,6,4,4,17,0,2,7,4,1,1,46,0,0,0,1,13800,15,400,1,4,4,1,7,0,0,0,6,0,1,2,0,-1.0,1,0
3744,8,4,0,13,0,6,7,2,1,1,62,1,1,0,1,919,9,500,3,4,4,3,7,0,0,0,0,2,1,0,1,-1.0,1,0
3746,11,4,2,13,0,2,12,4,1,2,34,1,1,0,0,14852,8,400,2,4,4,0,5,0,0,0,0,0,1,2,1,-1.0,0,0
3749,3,1,4,13,0,2,4,2,1,1,31,0,1,0,1,12902,10,400,2,4,4,0,6,0,0,0,6,0,1,2,1,-1.0,1,0
3754,7,1,3,6,0,6,8,2,1,1,32,1,0,0,1,13322,7,400,4,4,4,0,6,0,0,0,6,0,1,2,0,-1.0,1,0
3765,9,4,6,17,0,5,10,4,0,2,45,1,0,0,1,4272,13,400,2,4,4,0,6,0,0,0,3,0,1,0,0,-1.0,1,0
3821,11,4,4,13,0,6,12,4,1,2,28,1,0,0,2,2890,7,400,4,4,4,1,5,0,0,0,0,0,1,0,0,-1.0,1,0
3823,7,2,4,2,0,5,8,2,1,1,26,1,1,0,1,10698,7,400,1,4,4,0,6,0,0,0,6,0,1,1,1,-1.0,1,0
3830,3,3,0,13,0,1,4,3,1,2,23,1,1,0,5,12130,12,400,4,4,4,3,4,0,0,0,1,0,1,2,1,-1.0,2,0
3835,3,2,1,2,0,5,4,3,1,2,24,0,1,0,1,8774,8,400,3,4,4,1,4,0,0,0,0,0,1,1,1,-1.0,1,0
3848,7,1,6,2,0,1,8,1,1,2,30,0,0,0,5,1685,9,400,2,4,4,1,4,0,0,0,0,0,1,0,0,-1.0,2,1
3852,4,5,2,13,0,7,4,1,1,2,39,0,1,0,0,10662,6,400,4,4,4,5,7,0,0,0,0,0,1,1,1,-1.0,0,0
3866,6,1,3,9,0,5,7,2,1,1,41,0,0,0,1,4276,6,400,2,4,4,3,6,0,0,0,1,0,1,0,0,-1.0,1,1
3870,10,3,1,17,0,2,11,3,1,1,41,0,1,0,1,7895,7,400,1,4,4,0,7,0,0,0,1,0,1,1,1,-1.0,1,0
3914,10,3,6,18,0,6,11,4,1,1,31,1,1,0,4,12721,10,400,2,4,4,3,6,0,0,0,6,0,1,2,1,-1.0,2,0
3921,9,2,6,0,0,7,10,2,1,1,54,1,1,0,2,8640,5,400,1,4,4,3,6,0,0,0,6,0,1,1,1,-1.0,1,0
3950,8,3,6,9,0,6,11,1,1,1,67,0,0,0,2,3786,4,400,2,4,4,1,7,0,0,0,6,0,1,0,0,-1.0,1,1
3952,5,2,6,0,0,7,6,2,1,1,43,0,2,1,2,10590,11,400,2,4,4,5,6,0,0,0,3,0,1,1,2,-1.0,1,0
3954,7,3,1,9,0,6,9,1,1,2,48,0,1,0,5,3881,13,400,2,4,4,0,7,0,0,0,0,0,1,0,1,-1.0,2,0
3983,7,5,6,6,0,6,7,1,1,2,21,0,0,0,1,4415,6,400,1,4,4,3,4,0,0,0,0,0,1,0,0,-1.0,1,0
3986,9,4,3,17,0,2,10,4,1,2,44,0,2,1,2,2367,1,400,4,4,4,0,6,1,0,0,0,1,1,0,2,-1.0,1,0
3992,8,2,6,6,0,5,9,2,1,2,0,0,1,0,5,10616,15,400,1,4,4,0,0,0,0,0,0,0,1,1,1,-1.0,2,0
4003,6,4,3,17,0,2,7,4,0,2,28,0,0,0,0,9863,5,400,4,4,4,0,6,0,0,0,0,0,1,1,0,-1.0,0,0
4005,1,1,6,17,0,5,2,1,1,1,49,0,0,0,5,5471,7,400,3,4,4,3,7,0,0,0,1,0,1,0,0,-1.0,2,0
4008,10,2,3,13,0,5,11,2,1,1,33,1,0,0,1,7190,6,400,1,0,4,1,5,0,0,0,0,1,1,1,0,-1.0,1,0
4012,8,1,0,13,0,1,9,1,1,1,64,1,1,0,2,2998,7,400,3,4,4,1,7,0,0,0,3,0,1,0,1,-1.0,1,0
4013,5,1,1,2,0,5,6,2,0,2,46,1,0,0,1,7763,3,400,1,4,4,0,5,0,0,0,1,0,1,1,0,-1.0,1,0
4039,7,3,3,9,0,2,8,3,1,2,33,0,1,0,1,10673,2,400,1,4,4,1,4,0,0,0,6,0,1,1,1,-1.0,1,0
4077,10,4,5,13,0,7,10,1,1,1,55,0,1,0,2,481,10,400,1,4,4,3,7,0,0,0,0,0,1,0,1,-1.0,1,0
4089,2,1,2,17,0,6,3,1,1,1,29,1,1,0,1,6354,15,400,3,4,4,0,6,0,0,0,1,0,1,1,1,-1.0,1,0
4129,7,5,4,17,0,2,1,1,1,2,26,0,2,1,2,5516,10,400,2,4,4,3,6,0,0,0,3,0,1,0,2,-1.0,1,0
4131,1,2,2,17,0,7,12,2,1,1,26,0,0,0,0,14714,2,400,3,4,4,3,6,0,0,0,6,0,1,2,0,-1.0,0,0
4132,9,1,6,2,0,5,3,3,0,1,45,0,0,0,1,14341,12,400,2,4,4,1,6,0,0,0,1,0,1,2,0,-1.0,1,0
4140,11,1,1,6,0,6,12,1,1,2,17,0,4,1,5,6178,13,400,3,4,4,0,2,0,0,0,0,0,1,1,1,-1.0,2,1
4160,5,2,5,17,0,6,11,2,1,2,41,1,0,0,0,5045,8,400,1,4,4,1,6,0,0,0,0,0,1,0,0,-1.0,0,0
4163,10,5,0,6,0,1,11,5,0,2,33,1,2,1,1,9524,8,400,1,4,4,0,4,0,0,0,0,0,1,1,2,-1.0,1,0
4167,6,3,3,17,0,2,7,3,0,2,57,1,0,0,0,3933,8,400,4,4,4,0,6,0,0,0,0,0,1,0,0,-1.0,0,0
4178,11,3,5,13,0,1,12,4,1,1,57,0,1,0,5,9245,4,400,4,4,4,1,7,0,0,0,0,0,1,1,1,-1.0,2,0
4194,5,4,0,6,0,6,2,1,1,2,0,0,2,1,5,14939,2,400,4,4,4,3,0,0,0,0,0,0,1,2,2,-1.0,2,0
4226,6,5,5,11,0,6,6,1,1,2,62,0,0,0,1,3836,15,400,3,4,4,0,7,0,0,0,3,0,1,0,0,-1.0,1,0
4228,10,3,3,9,0,6,11,3,1,1,43,0,1,0,2,11408,16,400,4,4,4,3,6,0,0,0,0,0,1,2,1,-1.0,1,0
4230,8,4,1,2,0,2,9,4,1,1,43,0,1,0,2,13167,6,400,4,4,4,3,6,0,0,0,6,0,1,2,1,-1.0,1,0
4233,10,1,6,17,0,5,11,1,0,2,27,0,0,0,1,5947,4,400,4,4,4,1,5,0,0,0,1,0,1,0,0,-1.0,1,0
4236,9,3,3,17,0,6,10,4,0,1,35,0,0,0,0,1061,3,400,1,4,4,0,4,0,0,0,3,0,1,0,0,-1.0,0,0
4255,11,1,1,6,0,6,12,1,1,1,41,0,2,1,2,204,6,400,4,4,4,0,6,0,0,0,0,0,1,0,2,-1.0,1,0
4260,9,3,1,13,0,5,10,4,1,1,63,0,0,0,1,11251,15,400,2,4,4,3,7,0,0,0,6,0,1,1,0,-1.0,1,0
4262,7,5,1,17,0,6,7,3,1,2,18,0,0,0,1,6656,12,400,4,4,4,1,1,0,0,0,3,0,1,1,0,-1.0,1,0
4272,7,1,2,5,0,7,8,2,1,1,51,1,0,0,5,3925,14,400,3,4,4,0,7,0,0,0,6,0,1,0,0,-1.0,2,0
4308,9,4,1,2,0,2,10,4,1,1,42,0,0,0,2,1673,2,400,2,4,4,1,6,0,0,0,6,0,1,0,0,-1.0,1,0
4347,5,4,4,9,0,6,2,1,1,2,30,0,1,0,1,2556,10,400,4,4,4,0,4,0,0,0,0,0,1,0,1,-1.0,1,0
4353,6,4,0,5,0,2,7,4,1,2,40,0,2,1,2,8993,10,400,2,4,4,1,7,0,0,0,1,0,1,1,2,-1.0,1,0
4368,7,1,4,9,0,7,8,2,1,1,51,0,6,2,5,7366,2,400,2,4,4,3,7,0,0,0,3,0,1,1,0,-1.0,2,0
4394,8,1,6,2,0,1,9,2,1,1,62,0,7,2,5,11344,16,400,3,4,4,0,7,0,0,0,6,0,1,2,1,-1.0,2,0
4400,8,2,1,13,0,6,9,2,1,2,32,1,1,0,1,2038,15,400,4,4,4,3,5,0,0,0,0,4,2,0,1,-1.0,1,0
4403,11,3,0,2,0,2,12,4,0,1,28,0,2,1,5,6451,16,400,1,4,4,0,6,0,0,0,0,0,1,1,2,-1.0,2,0
4407,10,3,2,13,0,6,11,4,1,1,44,0,1,0,1,9715,8,400,2,4,4,3,5,0,0,0,6,0,1,1,1,-1.0,1,0
4449,6,2,2,9,0,2,7,2,1,2,36,1,1,0,1,12890,12,400,1,4,4,3,6,0,0,0,0,0,1,2,1,-1.0,1,0
4463,6,3,5,17,0,7,7,4,1,1,28,0,2,1,2,433,7,400,2,4,4,5,6,0,0,0,6,0,1,0,2,-1.0,1,0
4491,10,2,4,9,0,2,11,3,1,1,41,1,0,0,1,977,5,400,1,4,4,0,6,0,0,0,0,0,1,0,0,-1.0,1,0
4501,3,1,1,6,0,6,4,2,1,2,36,0,2,1,2,9292,3,400,2,4,4,0,6,0,0,0,6,0,1,1,2,-1.0,1,0
4522,7,1,3,9,0,6,8,2,1,1,53,0,1,0,2,10829,7,400,3,4,4,0,7,0,0,0,3,0,1,1,1,-1.0,1,0
4540,8,3,1,6,0,2,9,3,1,1,28,0,0,0,0,3420,11,400,3,4,4,3,5,0,0,0,1,0,1,0,0,-1.0,0,0
4550,8,4,4,17,0,2,9,5,1,1,30,0,1,0,2,10795,6,400,1,4,4,3,5,0,0,0,1,4,2,1,1,-1.0,1,0
4554,11,3,1,0,0,7,12,4,1,1,29,0,6,2,5,6544,12,400,3,4,4,3,6,0,0,0,0,0,1,1,0,-1.0,2,1
4566,9,1,4,13,0,6,3,2,1,2,47,0,0,0,2,13075,9,400,2,4,4,3,7,0,0,0,0,0,1,2,0,-1.0,1,0
4608,8,5,3,6,0,6,9,5,1,1,35,0,0,0,1,4088,9,400,3,4,4,0,5,0,0,0,3,0,1,0,0,-1.0,1,1
4620,1,5,3,5,0,5,10,1,1,2,30,0,0,0,5,5978,3,400,3,3,4,0,5,0,0,0,0,0,1,0,0,-1.0,2,1
4636,11,1,1,13,0,6,12,1,1,1,39,1,0,0,1,11637,7,400,1,4,4,1,6,0,0,0,0,0,1,2,0,-1.0,1,0
4667,10,3,0,13,0,2,11,3,1,1,41,0,0,0,5,2079,4,400,2,4,4,3,6,0,0,0,0,0,1,0,0,-1.0,2,0
4678,4,2,6,15,0,5,5,2,0,1,42,0,1,0,2,3632,10,400,3,4,4,0,6,0,0,0,3,0,1,0,1,-1.0,1,0
4685,4,1,6,13,0,6,5,4,1,1,42,0,1,0,1,6921,14,400,4,4,4,5,7,0,0,0,0,0,1,1,1,-1.0,1,0
4697,10,3,1,5,0,6,11,3,1,1,47,1,0,0,3,1430,14,400,1,4,4,0,7,0,1,0,6,0,1,0,0,-1.0,2,0
4713,11,5,0,13,0,7,11,1,1,1,34,0,1,0,5,3183,3,400,1,4,4,0,6,0,0,1,6,0,1,0,1,-1.0,2,0
4751,11,1,3,9,0,2,12,1,1,1,42,0,1,0,1,4202,7,400,1,4,4,0,6,0,0,0,1,0,1,0,1,-1.0,1,0
4789,6,2,5,17,0,7,7,2,1,1,42,0,1,0,1,13977,12,400,3,4,4,3,5,0,0,0,0,0,1,2,1,-1.0,1,0
4797,11,3,0,2,0,6,12,3,1,2,56,1,1,0,2,13330,4,400,2,4,4,1,7,0,0,0,6,0,1,2,1,-1.0,1,0
4799,9,3,3,2,0,1,10,4,1,1,28,0,1,0,2,8535,6,400,1,4,4,1,6,0,0,0,0,0,1,1,1,-1.0,1,0
4808,10,4,6,0,0,1,10,2,1,1,39,0,0,0,2,6503,8,400,2,4,4,0,4,0,0,0,0,0,1,1,0,-1.0,1,0
4834,9,4,6,6,0,6,10,5,1,1,53,0,0,0,1,11823,15,400,4,4,4,1,7,0,0,0,1,0,1,2,0,-1.0,1,0
4844,10,3,3,13,0,2,11,3,1,1,38,0,2,1,2,10050,1,400,2,4,4,3,7,0,0,0,6,0,1,1,2,-1.0,1,0
4857,3,2,4,2,0,5,4,2,1,1,64,1,0,0,5,8663,12,400,4,4,4,0,7,0,0,0,6,0,7,1,0,-1.0,2,0
4870,9,2,2,6,0,6,10,3,1,2,35,0,1,0,2,13387,11,400,4,4,4,3,5,0,0,0,0,0,1,2,1,-1.0,1,0
4914,0,1,6,2,0,7,9,1,1,1,54,0,1,0,5,11297,12,400,2,4,4,1,7,0,0,0,1,0,1,1,1,-1.0,2,1
4970,4,3,4,5,0,1,5,4,1,2,60,1,2,1,3,5317,14,400,3,4,4,1,7,0,0,0,6,0,1,0,2,-1.0,2,0
4977,7,3,4,2,0,2,8,3,1,1,28,0,1,0,1,10851,14,700,1,4,4,3,6,0,0,0,0,0,1,1,1,-1.0,1,1
4979,10,1,0,13,0,6,11,2,1,1,75,1,0,0,0,7204,6,400,4,4,4,3,5,1,0,0,3,4,2,1,0,-1.0,0,0
4983,8,1,1,18,0,6,9,1,1,2,32,1,1,0,1,1779,12,400,4,4,4,3,5,0,0,0,6,0,1,0,1,-1.0,1,0
5039,8,3,6,13,0,7,9,3,0,1,30,0,0,0,1,2909,12,400,1,4,4,0,5,0,0,0,6,0,1,0,0,-1.0,1,0
5040,4,1,4,17,0,5,5,2,1,1,29,0,0,0,0,9111,7,400,1,4,4,0,4,0,0,0,0,0,1,1,0,-1.0,0,1
5055,7,3,0,17,0,6,8,4,1,1,28,1,2,1,2,5566,6,400,3,4,4,0,6,0,0,0,3,4,2,0,2,-1.0,1,0
5061,11,1,2,9,0,2,12,3,1,1,47,0,2,1,1,1569,9,400,4,4,4,3,5,1,1,0,6,0,1,0,2,-1.0,1,0
5075,9,4,3,2,0,1,3,4,1,2,27,0,2,1,1,3601,2,400,2,4,4,1,5,0,0,0,6,0,1,0,2,-1.0,1,0
5080,11,4,6,17,0,7,12,4,1,1,35,0,1,0,2,11631,11,400,3,4,4,1,6,0,0,0,6,0,1,2,1,-1.0,1,0
5093,7,4,5,17,0,5,8,4,1,1,39,1,1,0,1,2231,16,400,4,4,4,3,6,0,0,0,6,0,1,0,1,-1.0,1,0
5122,6,1,1,11,0,6,7,1,1,1,41,0,0,0,5,12657,13,400,3,4,4,0,6,0,0,0,0,0,1,2,0,-1.0,2,0
5129,4,5,0,13,0,2,5,5,1,2,26,0,0,0,3,901,7,400,1,4,4,0,5,0,0,0,0,0,1,0,0,-1.0,2,1
5132,4,1,0,13,0,5,5,2,1,1,52,1,1,0,0,10293,4,700,3,4,4,0,7,0,0,0,0,0,1,1,1,-1.0,0,0
5144,6,1,5,17,0,6,7,1,0,1,43,0,2,1,1,5504,1,400,3,4,4,5,5,0,0,0,0,0,1,0,2,-1.0,1,0
5153,7,5,6,13,0,1,9,1,0,1,30,0,0,0,1,4637,13,400,1,4,4,5,5,0,0,0,6,0,1,0,0,-1.0,1,0
5156,9,5,3,13,0,2,10,5,1,1,47,0,1,0,1,10509,12,400,3,4,4,3,7,0,0,0,1,0,1,1,1,-1.0,1,0
5167,8,3,1,13,0,7,9,3,1,1,26,0,0,0,1,11876,10,400,4,4,4,3,5,0,0,0,3,0,1,2,0,-1.0,1,0
5172,8,4,5,2,0,6,9,5,1,1,33,0,2,1,1,10212,4,400,4,4,4,0,5,0,0,0,0,0,1,1,2,-1.0,1,0
5177,7,4,2,6,0,6,8,5,1,1,41,0,2,1,2,12197,10,400,3,4,4,3,5,0,0,0,1,0,1,2,2,-1.0,1,0
5178,6,2,3,2,0,2,7,2,1,1,38,1,0,0,1,4610,7,400,1,4,4,1,7,0,0,0,6,0,1,0,0,-1.0,1,0
5179,9,2,0,17,0,5,10,3,1,2,30,0,1,0,1,6671,5,400,3,4,4,0,6,0,0,0,3,0,1,1,1,-1.0,1,0
5209,8,4,3,13,0,6,9,4,1,1,53,0,1,0,2,14582,4,400,1,4,4,3,5,0,0,0,6,0,1,2,1,-1.0,1,0
5220,8,2,2,6,0,6,9,2,1,2,69,0,0,0,1,3094,6,400,3,4,4,3,7,0,0,0,1,0,1,0,0,-1.0,1,0
5229,8,3,4,17,0,2,9,4,1,1,33,0,2,1,2,885,7,400,2,4,4,5,5,0,0,0,1,0,1,0,2,-1.0,1,0
5247,11,1,0,13,0,2,12,1,1,1,37,0,2,1,0,1288,11,400,1,4,4,3,6,0,0,0,1,0,1,0,2,-1.0,0,0
5255,9,5,6,17,0,7,10,5,1,2,32,0,2,1,2,11194,13,400,4,4,4,3,6,0,0,0,6,1,3,1,2,-1.0,1,0
5268,11,2,1,9,0,1,12,3,1,1,27,0,1,0,1,6332,14,400,3,4,4,0,4,1,0,0,0,0,1,1,1,-1.0,1,1
5271,11,2,2,0,0,2,12,2,1,1,48,0,1,0,1,5521,5,400,1,4,4,1,7,0,0,0,3,0,1,0,1,-1.0,1,0
5275,7,4,5,17,0,5,8,4,1,1,26,0,0,0,0,750,14,400,2,4,4,0,5,0,0,0,3,0,1,0,0,-1.0,0,0
5295,7,1,6,6,0,7,8,1,1,2,0,0,1,0,5,10229,2,400,3,4,4,0,0,0,0,0,0,0,1,1,1,-1.0,2,0
5316,9,4,5,17,0,7,10,4,1,1,52,0,1,0,1,14945,8,400,3,4,4,1,7,0,0,0,1,0,1,2,1,-1.0,1,0
5335,7,2,4,13,0,6,8,3,1,1,52,1,1,0,1,10679,7,400,3,4,4,1,7,0,0,0,1,0,1,1,1,-1.0,1,0
5341,8,4,0,13,0,1,9,4,0,1,31,0,0,0,1,11654,5,400,1,4,4,3,5,0,0,0,0,0,1,2,0,-1.0,1,0
5368,3,4,1,9,0,7,8,1,1,2,30,0,1,0,1,10393,2,400,3,4,4,3,6,0,0,0,0,0,1,1,1,-1.0,1,1
5446,10,1,5,4,0,7,11,1,1,1,43,0,7,2,3,13355,1,400,3,4,4,1,6,0,0,0,3,0,1,2,1,-1.0,2,0
5447,11,2,2,13,0,3,12,3,1,2,31,0,0,0,1,6269,8,400,4,4,4,1,6,0,0,0,6,0,1,1,0,-1.0,1,1
5450,8,5,1,6,0,6,9,5,1,1,31,0,1,0,1,12307,3,400,4,3,3,0,6,0,0,0,0,4,2,2,1,-1.0,1,0
5460,2,3,1,13,0,2,5,5,1,2,31,1,0,0,1,11301,9,400,2,4,4,5,5,0,0,0,6,0,1,1,0,-1.0,1,0
5489,8,3,5,9,0,7,9,3,1,1,29,1,2,1,1,14965,6,400,3,4,4,5,6,0,0,0,1,0,1,2,2,-1.0,1,0
5519,7,1,0,5,0,7,8,4,1,1,41,1,1,0,3,9583,9,400,2,4,4,3,7,0,0,0,6,0,1,1,1,-1.0,2,0
5533,11,2,3,9,0,2,12,2,1,1,29,0,2,1,1,9852,16,400,4,4,4,3,5,0,0,0,3,0,1,1,2,-1.0,1,0
5539,9,3,4,6,0,1,10,3,1,2,22,1,2,1,1,6532,11,400,3,4,4,3,4,1,1,0,0,4,2,1,2,-1.0,1,0
5543,8,3,6,13,0,7,9,4,1,1,38,0,2,1,1,12099,10,400,4,4,4,0,6,0,0,0,6,0,1,2,2,-1.0,1,0
5551,11,5,0,9,0,1,12,5,1,1,26,0,2,1,1,601,3,400,3,4,4,5,6,0,0,0,0,0,1,0,2,-1.0,1,0
5552,1,3,5,6,0,1,12,3,1,1,35,0,1,0,0,1019,9,400,4,4,4,0,6,0,0,0,0,0,1,0,1,-1.0,0,0
5590,4,3,4,17,0,2,5,4,1,2,26,0,1,0,0,10401,7,400,3,4,4,0,5,0,0,0,0,0,1,1,1,-1.0,0,0
5599,5,1,1,9,0,6,6,1,1,2,25,1,0,0,1,2683,3,400,1,4,4,0,3,0,0,0,6,0,1,0,0,-1.0,1,0
5607,5,4,4,9,0,1,6,4,0,1,26,0,1,0,1,900,5,400,1,4,4,3,4,0,0,0,0,0,1,0,1,-1.0,1,0
5628,3,3,6,17,0,1,4,4,1,2,25,1,2,1,1,145,1,400,4,4,4,3,4,0,0,0,3,0,1,0,2,-1.0,1,0
5642,8,1,0,17,0,2,9,2,1,1,58,0,1,0,1,14292,7,700,1,4,4,3,7,0,0,0,1,0,1,2,1,-1.0,1,0
5666,10,4,3,2,0,5,10,3,1,1,58,0,0,0,1,5534,10,400,4,4,4,0,7,0,0,0,0,0,1,0,0,-1.0,1,0
5683,7,3,6,13,0,7,8,3,1,1,51,0,2,1,1,6500,15,400,1,4,4,3,6,0,0,0,0,0,1,1,2,-1.0,1,0
5718,10,2,3,6,0,2,11,2,1,1,44,1,0,0,1,3391,12,400,2,4,4,1,7,0,0,0,0,0,1,0,0,-1.0,1,0
5721,7,1,4,9,0,5,8,1,1,2,32,0,2,1,1,10833,12,400,1,4,4,3,4,0,0,0,0,0,1,1,2,-1.0,1,0
5738,10,3,6,6,0,5,1,3,1,2,0,0,1,0,5,11126,5,400,3,4,4,0,0,0,0,0,0,0,1,1,1,-1.0,2,0
5757,6,4,6,5,0,1,7,4,1,1,32,0,2,1,2,7936,11,400,2,4,4,5,6,0,0,0,0,0,1,1,2,-1.0,1,0
5761,3,1,0,17,0,2,4,1,1,1,44,1,2,1,1,12319,10,400,3,4,4,3,6,1,0,0,0,0,1,2,2,-1.0,1,0
5773,3,1,3,9,0,5,4,2,1,2,32,0,1,0,2,8955,8,400,4,4,4,3,6,0,0,0,6,0,1,1,1,-1.0,1,0
5810,6,3,5,13,0,6,7,3,1,1,38,1,2,1,1,9012,16,400,2,4,4,3,7,0,0,0,1,0,1,1,2,-1.0,1,0
5831,9,4,4,0,0,6,5,2,1,1,56,0,6,2,5,114,10,400,2,4,4,0,7,0,0,0,0,0,1,0,0,-1.0,2,1
5889,5,1,3,17,0,6,6,1,1,2,30,0,0,0,1,6802,8,400,2,4,4,0,5,0,0,0,0,0,1,1,0,-1.0,1,0
5906,10,3,5,6,0,7,11,4,1,1,51,0,1,0,1,4162,10,400,3,4,4,1,7,0,0,0,0,0,1,0,1,-1.0,1,0
5907,9,5,4,9,0,1,3,1,0,2,27,0,1,0,1,7821,4,400,1,4,4,5,5,0,0,0,1,0,1,1,1,-1.0,1,0
5913,11,4,1,9,0,5,12,5,1,1,42,0,1,0,1,4395,15,400,4,4,4,5,5,1,0,0,1,0,1,0,1,-1.0,1,0
5922,1,1,4,17,0,5,11,1,1,1,58,1,2,1,2,10885,3,400,2,4,4,1,7,0,0,0,3,0,1,1,2,-1.0,1,0
5926,9,4,0,13,0,1,10,4,1,1,37,0,1,0,1,5991,12,400,2,4,4,0,6,0,0,0,6,0,1,0,1,-1.0,1,0
5928,7,4,1,9,0,2,1,2,0,2,33,0,1,0,1,700,15,400,3,4,4,1,5,0,0,0,0,0,1,0,1,-1.0,1,0
5935,1,4,5,9,0,5,12,1,1,1,31,1,4,1,5,12946,13,400,1,4,4,0,5,0,0,0,0,0,1,2,1,-1.0,2,0
5939,8,1,5,6,0,7,9,1,1,1,52,0,2,1,1,2121,12,400,2,4,4,3,7,0,0,0,1,0,1,0,2,-1.0,1,0
5964,2,1,4,6,0,1,3,1,1,1,33,0,1,0,1,11946,6,400,4,4,4,3,4,0,0,0,0,0,1,2,1,-1.0,1,0
5968,5,4,2,2,0,2,6,4,1,1,46,1,2,1,1,4339,8,400,2,4,4,5,7,0,0,1,1,0,1,0,2,-1.0,1,0
5996,6,5,6,15,0,6,6,2,0,2,28,1,0,0,2,11163,2,400,4,4,4,3,4,0,0,0,1,0,1,1,0,-1.0,1,0
5997,2,5,5,13,0,5,4,4,0,2,57,0,0,0,1,13899,3,400,3,4,4,0,7,0,0,0,0,0,1,2,0,-1.0,1,0
6001,5,2,0,2,0,2,6,2,1,1,53,0,1,0,1,9517,15,400,4,4,4,1,7,0,0,0,3,0,1,1,1,-1.0,1,0
6071,8,3,6,2,0,6,12,1,1,1,41,0,1,0,1,1824,5,400,4,4,4,1,6,0,0,0,0,0,1,0,1,-1.0,1,0
6080,5,2,5,6,0,7,6,2,1,1,33,0,1,0,1,4132,16,500,3,4,4,0,6,0,0,0,3,2,1,0,1,-1.0,1,0
6085,7,1,0,2,0,7,8,2,1,2,24,0,1,0,1,10270,15,400,1,4,4,3,4,0,0,0,1,4,2,1,1,-1.0,1,0
6089,9,1,4,13,0,1,10,1,0,1,36,0,1,0,1,600,2,400,3,4,4,3,7,0,0,0,3,0,1,0,1,-1.0,1,0
6093,8,1,3,9,0,5,9,2,0,2,22,1,0,0,1,8509,14,400,1,4,4,3,2,0,0,0,3,0,1,1,0,-1.0,1,0
6117,6,2,3,2,0,7,7,4,1,1,52,0,1,0,2,6635,9,700,1,4,4,1,7,0,0,0,6,0,1,1,1,-1.0,1,0
6133,9,5,5,17,0,6,10,5,1,1,63,0,0,0,1,1133,5,400,1,4,4,1,7,0,0,0,0,0,1,0,0,-1.0,1,0
6160,11,1,6,5,0,5,12,2,1,1,77,1,0,0,1,6762,15,400,4,4,4,0,6,0,0,0,0,0,1,1,0,-1.0,1,0
6168,7,1,3,9,0,7,8,2,1,2,32,0,2,1,2,10485,15,400,3,4,4,3,6,0,0,0,0,0,1,1,2,-1.0,1,0
6185,3,3,3,6,0,2,4,3,1,2,29,0,1,0,1,12092,13,400,2,4,4,0,6,0,0,0,0,0,1,2,1,-1.0,1,0
6192,10,1,6,5,0,7,11,1,1,1,63,1,0,0,3,11284,15,400,4,4,4,1,7,0,0,0,6,0,1,1,0,-1.0,2,0
6208,11,4,0,17,0,2,11,1,0,2,22,0,1,0,1,4844,6,400,4,4,4,3,3,0,0,0,6,0,1,0,1,-1.0,1,0
6226,10,5,0,13,0,1,11,5,1,2,27,1,1,0,5,8199,11,400,1,4,4,3,6,0,0,0,6,0,1,1,1,-1.0,2,0
6254,10,2,1,9,0,6,11,2,1,2,27,0,0,0,1,3282,12,400,1,4,4,1,5,0,0,0,0,0,1,0,0,-1.0,1,0
6283,7,5,0,6,0,6,9,1,1,1,53,0,0,0,1,12684,7,400,2,4,4,0,7,0,0,0,6,0,1,2,0,-1.0,1,0
6287,11,2,1,9,0,2,12,2,1,2,29,0,2,1,1,12474,2,400,4,4,4,3,5,0,0,0,0,0,1,2,2,-1.0,1,0
6288,8,2,1,0,0,7,9,2,1,1,35,0,0,0,5,3502,2,400,4,4,4,3,6,0,0,0,0,0,1,0,0,-1.0,2,1
6308,3,4,4,6,0,1,8,1,1,2,0,0,2,1,5,11959,2,400,2,4,4,1,0,0,0,0,0,0,1,2,2,-1.0,2,0
6324,9,4,4,2,0,5,10,4,1,2,27,0,1,0,1,11286,3,400,3,4,4,0,5,0,0,0,0,0,1,1,1,-1.0,1,0
6329,6,5,4,3,0,6,6,1,1,2,39,0,1,0,2,13815,15,400,1,4,4,1,5,0,0,0,0,0,1,2,1,-1.0,1,0
6349,7,4,5,6,0,7,10,5,1,2,0,0,0,0,5,11238,16,400,3,4,4,0,0,0,0,0,0,0,1,1,0,-1.0,2,0
6356,6,3,4,2,0,5,7,5,1,1,34,1,1,0,1,3003,4,400,2,4,4,1,5,0,0,0,0,0,1,0,1,-1.0,1,0
6375,6,4,4,2,0,5,7,5,0,2,36,0,2,1,1,751,1,400,2,4,4,3,6,0,0,0,3,0,1,0,2,-1.0,1,0
6385,1,4,5,9,0,5,12,2,1,2,26,0,2,1,1,3739,9,400,2,4,4,5,5,0,0,0,1,4,2,0,2,-1.0,1,0
6398,11,4,5,0,0,7,12,4,0,1,39,0,1,0,2,14263,7,400,4,4,4,3,6,0,0,0,1,0,1,2,1,-1.0,1,0
6401,6,3,1,9,0,7,7,4,1,2,39,0,2,1,2,5608,12,400,1,4,4,0,6,0,0,0,3,4,2,0,2,-1.0,1,0
6429,7,3,2,2,0,2,8,4,1,2,28,0,1,0,1,9564,4,400,1,4,4,0,4,0,0,0,0,0,1,1,1,-1.0,1,0
6431,10,3,0,13,0,1,11,4,0,1,33,0,1,0,2,14830,9,400,1,4,4,0,6,0,0,0,3,0,1,2,1,-1.0,1,0
6445,8,3,0,13,0,7,9,4,1,1,40,0,1,0,1,4863,10,400,2,4,4,0,4,0,0,0,0,0,1,0,1,-1.0,1,0
6447,6,1,6,9,0,6,7,3,1,1,54,0,6,2,5,6867,15,400,2,4,4,3,7,0,0,0,3,0,1,1,0,-1.0,2,0
6454,10,5,5,17,0,5,10,2,1,2,31,1,0,0,2,2433,10,400,3,4,4,1,6,0,0,0,0,0,1,0,0,-1.0,1,0
6466,11,4,1,17,0,6,11,1,1,2,35,0,2,1,2,3320,1,400,1,4,4,5,5,0,0,0,3,0,1,0,2,-1.0,1,0
6471,8,4,1,13,0,5,9,4,1,1,35,0,0,0,0,703,13,400,4,4,4,0,6,0,0,0,0,0,1,0,0,-1.0,0,0
6540,6,1,6,6,0,2,7,1,1,1,62,0,2,1,1,8281,7,400,1,4,4,5,7,1,0,0,6,0,1,1,2,-1.0,1,0
6555,8,4,6,9,0,5,9,4,1,1,51,0,0,0,1,15100,12,400,3,4,4,0,6,0,0,0,1,4,2,2,0,-1.0,1,0
6567,8,4,0,17,0,5,7,1,1,1,37,1,0,0,1,4032,14,400,3,4,4,1,6,0,0,0,0,0,1,0,0,-1.0,1,0
6571,4,2,3,5,0,6,5,2,1,1,39,1,2,1,3,510,12,400,3,4,4,5,7,0,0,1,3,0,1,0,2,-1.0,2,0
6586,2,1,2,6,0,6,4,2,1,2,0,0,0,0,5,12180,9,400,3,4,4,0,0,0,0,0,0,0,1,2,0,-1.0,2,0
6605,9,3,2,17,0,6,10,5,1,1,27,0,0,0,1,8099,7,400,3,4,4,0,6,0,0,0,0,0,1,1,0,-1.0,1,1
6612,11,3,0,17,0,2,3,1,0,2,26,0,2,1,1,7732,12,400,2,4,4,1,4,0,0,0,1,0,1,1,2,-1.0,1,0
6616,9,4,4,5,0,5,10,4,1,1,40,0,1,0,2,7141,7,500,1,4,4,3,6,0,0,0,0,2,2,1,1,-1.0,1,0
6719,5,1,2,13,0,6,6,1,0,1,43,1,2,1,2,9490,2,400,1,4,4,0,6,0,0,0,6,0,1,1,2,-1.0,1,0
6724,6,3,4,1,0,2,7,3,1,2,21,0,1,0,2,5528,4,400,4,4,4,0,1,0,0,0,3,0,1,0,1,-1.0,1,0
6733,9,2,5,17,0,5,10,2,1,2,35,0,0,0,1,11774,7,400,1,4,4,0,4,0,0,0,0,0,1,2,0,-1.0,1,0
6751,3,1,3,13,0,5,4,2,1,1,65,1,2,1,1,12824,9,400,3,4,4,3,5,0,0,0,0,0,1,2,2,-1.0,1,0
6772,7,2,0,13,0,1,8,2,1,1,47,1,0,0,0,8946,11,400,4,4,4,0,6,0,0,0,0,0,1,1,0,-1.0,0,0
6810,7,4,4,2,0,2,8,4,1,1,39,0,1,0,1,8627,14,400,3,4,4,0,6,0,0,0,0,0,1,1,1,-1.0,1,0
6813,10,2,5,2,0,2,11,3,1,1,33,0,6,2,5,3392,2,400,3,4,4,1,6,0,0,0,0,0,1,0,0,-1.0,2,0
6834,11,1,0,13,0,1,12,1,1,1,33,0,2,1,2,14362,10,400,1,4,4,5,5,0,0,0,0,0,1,2,2,-1.0,1,0
6836,4,1,3,13,0,5,4,1,1,1,49,0,0,0,2,8711,15,400,1,4,4,0,7,0,0,0,0,0,1,1,0,-1.0,1,0
6847,8,1,0,13,0,2,9,2,0,1,33,0,1,0,1,10759,6,400,4,4,4,1,5,0,0,0,0,0,1,1,1,-1.0,1,0
6852,5,3,5,6,0,1,2,2,1,2,35,0,0,0,1,11719,4,400,1,4,4,0,5,0,0,0,0,4,2,2,0,-1.0,1,0
6858,9,4,6,9,0,5,10,5,0,1,31,1,0,0,1,4271,9,400,2,4,4,0,6,0,0,0,6,0,1,0,0,-1.0,1,0
6870,10,1,4,17,0,2,11,3,1,1,30,0,1,0,1,14906,3,400,1,4,4,0,4,0,0,0,0,0,1,2,1,-1.0,1,1
6874,4,1,2,6,0,1,8,4,1,1,39,0,2,1,2,6223,6,500,2,4,4,5,6,0,0,0,0,2,1,1,2,-1.0,1,0
6888,7,1,5,13,0,7,8,2,1,1,34,0,0,0,2,1661,6,400,4,4,4,0,6,0,0,0,0,0,1,0,0,-1.0,1,1
6924,11,5,6,13,0,6,11,1,1,2,28,0,1,0,2,6737,15,400,2,4,4,3,5,0,0,0,0,0,1,1,1,-1.0,1,1
6960,7,1,2,13,0,1,8,3,0,2,33,0,2,1,1,8965,4,400,2,4,4,3,6,0,0,0,0,0,1,1,2,-1.0,1,0
6982,8,3,0,13,0,6,9,4,1,1,52,0,0,0,1,1177,11,400,2,4,4,1,7,0,0,0,6,4,2,0,0,-1.0,1,0
6985,7,3,0,2,0,7,8,4,1,1,80,0,0,0,2,348,5,400,3,4,4,0,7,0,0,0,6,0,1,0,0,-1.0,1,0
6989,8,3,3,6,0,2,9,3,1,1,53,0,2,1,1,8991,10,700,2,4,4,3,7,1,0,0,0,0,1,1,2,-1.0,1,0
6990,11,1,1,2,0,5,12,3,1,2,56,0,7,2,5,8272,11,400,4,4,4,3,7,0,0,0,0,0,1,1,1,-1.0,2,0
6996,10,5,5,5,0,5,10,1,1,1,51,1,1,0,3,12351,3,400,1,4,4,1,7,0,0,0,6,0,1,2,1,-1.0,2,0
6999,8,3,1,17,0,6,6,2,1,1,31,0,1,0,2,13035,6,400,2,4,4,0,6,0,0,0,6,0,1,2,1,-1.0,1,0
7013,4,4,4,6,0,1,4,1,1,2,0,0,1,0,5,11993,15,400,1,4,4,0,0,0,0,0,0,0,1,2,1,-1.0,2,0
7014,11,4,3,13,0,2,12,4,1,1,54,0,6,2,5,10055,3,400,3,4,4,5,6,0,0,0,0,0,1,1,0,-1.0,2,0
7021,4,3,0,2,0,2,5,3,1,2,61,1,0,0,2,1230,12,400,4,4,4,1,7,0,0,0,0,0,1,0,0,-1.0,1,0
7056,7,3,5,9,0,1,8,3,1,1,34,0,2,1,1,3495,7,400,1,4,4,1,6,0,0,0,1,0,1,0,2,-1.0,1,0
7067,6,2,6,9,0,1,7,3,1,2,27,1,0,0,1,12820,4,400,4,4,4,0,6,0,0,0,6,0,1,2,0,-1.0,1,0
7071,2,2,5,2,0,6,8,1,1,1,27,0,8,2,5,86,4,400,4,4,4,1,5,0,0,0,6,0,1,0,2,-1.0,2,0
7103,9,2,6,9,0,5,10,2,1,1,44,1,1,0,1,8246,12,400,4,4,4,3,6,0,0,0,0,0,1,1,1,-1.0,1,0
7193,3,1,0,2,0,6,4,2,1,1,61,0,0,0,2,14502,2,400,2,4,4,0,7,0,0,0,0,0,1,2,0,-1.0,1,0
7202,10,1,3,9,0,2,11,4,1,1,41,0,1,0,1,2667,3,400,4,4,4,0,5,0,0,0,1,0,1,0,1,-1.0,1,0
7205,5,3,6,11,0,5,6,4,1,1,55,0,6,2,2,2567,12,400,4,4,4,3,7,0,0,0,0,0,1,0,0,-1.0,1,0
7230,11,3,6,13,0,2,12,4,1,1,55,0,1,0,2,12564,12,400,2,4,4,3,7,0,0,0,6,0,1,2,1,-1.0,1,0
7239,9,3,5,9,0,2,10,4,0,1,26,1,1,0,1,8020,4,400,3,4,4,0,6,0,0,0,0,0,1,1,1,-1.0,1,0
7248,11,2,4,13,0,1,12,2,1,1,70,0,2,1,1,4728,8,400,2,4,4,0,7,0,0,0,3,0,1,0,2,-1.0,1,0
7249,8,4,2,6,0,2,9,5,1,1,45,0,0,0,0,12530,8,400,4,4,4,0,5,0,0,0,0,0,1,2,0,-1.0,0,1
7263,4,5,3,9,0,1,8,4,1,1,46,0,0,0,1,946,6,400,3,4,4,3,4,0,0,0,1,4,2,0,0,-1.0,1,1
7270,6,2,0,9,0,7,7,3,1,1,52,0,1,0,1,579,7,400,3,4,4,1,7,0,0,0,6,0,1,0,1,-1.0,1,0
7282,10,4,0,5,0,2,11,5,1,1,32,0,1,0,2,10453,15,400,4,4,4,3,6,0,0,0,6,0,1,1,1,-1.0,1,0
7284,3,2,4,2,0,1,4,2,1,1,31,0,0,0,5,10781,14,400,1,4,4,1,6,0,0,0,3,0,1,1,0,-1.0,2,0
7292,10,1,1,6,0,6,11,1,1,1,29,0,1,0,1,14641,16,400,4,4,4,3,5,0,0,0,1,0,1,2,1,-1.0,1,0
7297,7,1,6,17,0,7,8,1,1,2,34,0,1,0,1,1690,8,400,4,4,4,1,4,0,0,0,0,0,1,0,1,-1.0,1,1
7316,3,1,3,6,0,2,4,2,1,1,29,0,0,0,1,1089,4,400,1,4,4,1,6,0,0,0,6,0,1,0,0,-1.0,1,1
7338,8,2,2,13,0,2,9,2,1,2,28,0,1,0,1,11481,2,400,3,4,4,0,4,0,0,0,0,0,3,2,1,-1.0,1,0
7348,4,2,6,9,0,5,5,2,1,1,28,0,2,1,2,13545,1,400,3,4,4,3,6,0,0,0,6,0,1,2,2,-1.0,1,0
7354,7,3,4,2,0,5,8,3,1,1,44,1,0,0,1,8595,9,400,1,4,4,0,6,0,0,0,0,0,1,1,0,-1.0,1,0
7369,11,3,4,5,0,5,12,3,1,1,36,1,2,1,3,888,6,400,3,4,4,1,6,0,0,0,1,0,1,0,2,-1.0,2,0
7409,8,2,1,13,0,7,9,2,0,1,26,0,1,0,2,5529,12,400,3,4,4,3,5,0,0,0,0,0,1,0,1,-1.0,1,0
7413,11,5,2,5,0,2,11,1,1,1,44,0,1,0,2,822,10,400,4,4,4,0,7,0,0,0,3,0,1,0,1,-1.0,1,0
7424,7,4,3,2,0,2,8,5,1,1,41,0,2,1,1,14238,13,400,3,4,4,3,6,0,0,0,0,0,1,2,2,-1.0,1,0
7447,8,2,6,13,0,6,9,3,1,2,30,0,1,0,2,6583,16,400,3,4,4,0,6,0,0,0,3,0,1,1,1,-1.0,1,0
7448,8,3,6,6,0,5,9,3,1,1,37,0,2,1,2,8611,5,400,1,4,4,5,6,0,0,0,0,4,3,1,2,-1.0,1,0
7450,8,3,6,6,0,7,9,4,1,1,34,1,1,0,1,3129,13,400,2,4,4,1,4,0,0,0,3,0,1,0,1,-1.0,1,0
7462,5,2,1,0,0,2,6,2,0,1,38,0,2,1,2,2740,13,400,3,4,4,5,6,0,0,0,0,0,1,0,2,-1.0,1,0
7498,6,2,0,6,0,2,7,3,1,1,38,0,0,0,1,12849,5,400,2,4,4,3,3,0,0,0,0,0,1,2,0,-1.0,1,1
7532,10,3,3,9,0,6,11,3,1,1,38,1,1,0,1,11771,7,400,4,4,4,1,6,0,0,0,6,0,1,2,1,-1.0,1,0
7560,6,4,3,18,0,2,7,4,1,1,28,1,0,0,2,1190,3,400,1,4,4,0,5,0,0,0,0,0,3,0,0,-1.0,1,0
7561,5,4,5,6,0,7,2,1,1,2,29,0,1,0,1,7152,5,400,2,4,4,3,5,0,0,0,3,0,1,1,1,-1.0,1,0
7564,5,5,3,13,0,6,2,1,0,2,32,0,0,0,1,9326,8,400,3,4,4,1,5,0,0,0,3,0,1,1,0,-1.0,1,0
7581,9,2,6,0,0,3,5,1,1,1,42,0,0,0,5,2851,2,400,2,4,4,0,7,0,0,0,0,0,1,0,0,-1.0,2,0
7582,6,1,2,6,0,1,12,3,1,1,64,0,0,0,1,4285,3,500,3,4,4,1,7,0,0,0,6,2,2,0,0,-1.0,1,0
7596,7,1,0,13,0,1,8,1,1,1,39,1,1,0,1,15372,10,400,4,4,4,1,6,0,0,0,6,0,1,2,1,-1.0,1,0
7623,3,1,6,17,0,7,4,1,1,1,34,0,2,1,2,5347,12,400,3,4,4,3,4,0,0,0,1,0,1,0,2,-1.0,1,0
7655,8,3,2,13,0,7,9,3,1,2,31,0,1,0,2,3650,1,400,1,4,4,3,5,0,0,0,6,0,3,0,1,-1.0,1,1
7659,6,1,3,6,0,6,12,1,1,1,36,0,1,0,5,9922,2,400,4,4,4,5,7,0,0,0,1,0,1,1,1,-1.0,2,0
7680,10,1,2,9,0,7,11,1,1,1,50,1,1,0,2,6825,14,400,1,4,4,1,7,0,0,0,1,0,1,1,1,-1.0,1,0
7702,0,1,2,0,0,7,2,1,1,1,41,0,2,1,2,8655,8,400,1,4,4,5,6,0,0,0,0,0,1,1,2,-1.0,1,0
7704,9,3,0,13,0,6,10,4,1,1,57,0,2,1,1,14946,8,400,4,4,4,3,7,0,0,0,1,0,1,2,2,-1.0,1,0
7705,11,4,5,6,0,6,12,4,1,1,42,0,2,1,1,13971,10,400,3,4,4,3,6,0,0,0,6,0,1,2,2,-1.0,1,0
7708,3,3,4,5,0,5,8,3,1,1,48,0,6,2,5,2244,11,400,4,4,4,0,7,0,0,0,0,0,1,0,0,-1.0,2,0
7720,11,1,3,9,0,5,12,3,1,2,31,0,1,0,5,15202,8,400,4,4,4,0,5,0,0,0,0,0,1,2,1,-1.0,2,0
7722,1,5,4,12,0,6,10,3,1,1,40,0,2,1,5,3413,1,400,2,4,4,3,5,0,0,0,6,0,1,0,2,-1.0,2,0
7731,11,1,0,13,0,6,12,2,1,1,54,0,0,0,1,9896,11,400,2,4,4,0,6,0,0,0,1,0,1,1,0,-1.0,1,0
7768,8,5,1,17,0,5,7,1,1,1,49,0,0,0,1,2297,2,400,3,4,4,0,7,0,0,0,3,0,3,0,0,-1.0,1,0
7782,6,2,6,17,0,2,7,3,1,1,27,0,1,0,1,12810,11,400,1,4,4,0,6,0,0,0,0,0,1,2,1,-1.0,1,1
7793,9,1,2,13,0,6,10,2,1,1,57,1,1,0,2,14054,9,400,4,4,4,0,7,0,0,1,0,0,1,2,1,-1.0,1,0
7857,11,2,1,13,0,5,12,3,1,1,47,0,2,1,1,8204,14,400,3,4,4,3,6,0,0,0,3,0,1,1,2,-1.0,1,0
7865,7,1,3,11,0,6,10,2,1,1,51,0,0,0,5,6422,2,400,4,4,4,1,7,0,0,0,6,0,1,1,0,-1.0,2,0
7877,5,2,6,9,0,1,6,3,0,1,48,1,2,1,1,4213,15,400,3,4,4,1,4,0,0,0,0,0,1,0,2,-1.0,1,0
7884,6,4,0,13,0,2,7,4,1,2,35,0,1,0,1,11158,7,400,3,4,4,3,6,0,0,0,0,0,1,1,1,-1.0,1,0
7890,2,1,3,6,0,7,9,2,1,2,28,0,1,0,1,13902,3,400,1,4,4,3,4,0,0,0,1,0,1,2,1,-1.0,1,0
7918,10,2,0,17,0,6,11,3,1,1,37,0,1,0,1,7826,15,400,4,4,4,0,4,0,0,0,1,0,1,1,1,-1.0,1,0
7933,10,5,3,17,0,2,11,5,1,1,54,0,1,0,1,6861,7,400,2,4,4,0,7,0,0,0,6,0,1,1,1,-1.0,1,0
7934,7,4,5,13,0,2,8,5,1,1,36,0,0,0,2,6984,3,400,2,4,4,1,7,0,0,0,0,0,1,1,0,-1.0,1,0
7953,10,4,6,6,0,5,11,4,1,2,35,1,4,1,5,4966,2,400,3,4,4,0,5,0,0,0,1,0,1,0,1,-1.0,2,0
7962,8,1,0,13,0,2,9,2,1,1,32,0,2,1,1,12304,12,400,3,4,4,3,5,0,0,0,3,0,1,2,2,-1.0,1,0
8008,10,2,5,9,0,5,11,2,1,2,34,1,1,0,1,2111,13,400,2,4,4,3,5,0,0,0,1,0,1,0,1,-1.0,1,0
8092,4,1,5,13,0,2,5,2,1,1,38,0,1,0,0,10426,16,400,3,4,4,0,6,0,0,0,0,0,1,1,1,-1.0,0,0
8106,7,1,3,13,0,2,8,1,1,1,36,0,1,0,2,5196,7,400,4,4,4,1,7,0,0,0,6,0,1,0,1,-1.0,1,0
8109,11,1,3,6,0,2,12,1,1,2,18,0,4,1,5,6150,6,400,4,4,4,0,4,0,0,0,0,0,1,1,1,-1.0,2,1
8112,2,1,1,6,0,2,3,1,0,2,32,0,1,0,1,12386,16,400,4,4,4,3,1,0,0,0,0,0,1,2,1,-1.0,1,0
8118,5,3,0,9,0,6,12,1,1,1,40,0,1,0,1,957,9,400,2,4,4,1,6,0,0,0,6,0,1,0,1,-1.0,1,0
8130,9,2,6,17,0,6,10,4,1,1,58,1,1,0,2,868,2,500,2,4,4,3,7,0,0,0,3,2,1,0,1,-1.0,1,0
8131,6,5,5,6,0,6,6,1,1,1,51,0,2,1,1,12445,8,500,1,4,4,3,6,0,0,0,6,2,1,2,2,-1.0,1,0
8153,6,2,1,6,0,2,7,2,1,2,0,0,2,1,5,9529,13,400,2,4,4,3,0,0,0,0,0,0,1,1,2,-1.0,2,0
8157,4,4,1,6,0,1,4,1,1,2,0,0,2,1,5,14584,15,400,3,4,4,0,0,0,0,0,0,0,1,2,2,-1.0,2,0
8162,1,4,0,6,0,2,12,2,1,2,28,0,1,0,1,2305,16,400,3,4,4,1,5,0,0,0,0,0,1,0,1,-1.0,1,0
8167,7,2,6,6,0,2,1,3,1,2,0,0,1,0,5,13490,15,400,2,4,4,1,0,0,0,0,0,0,3,2,1,-1.0,2,0
8180,2,3,4,5,0,6,9,4,1,1,78,0,3,1,0,9363,13,700,4,4,4,3,7,0,0,0,1,0,1,1,0,-1.0,0,0
8183,3,1,1,17,0,2,4,1,1,1,41,1,0,0,0,5120,7,400,1,4,4,0,6,0,0,0,1,0,1,0,0,-1.0,0,0
8185,6,3,4,9,0,6,7,4,1,2,35,0,1,0,2,6484,14,400,2,4,4,1,4,0,0,0,1,0,1,1,1,-1.0,1,0
8195,5,2,5,17,0,6,6,3,1,2,26,1,1,0,2,8974,2,400,4,4,4,5,5,0,0,0,0,0,1,1,1,-1.0,1,0
8200,8,1,5,6,0,2,9,5,1,2,25,0,1,0,1,14918,4,400,2,4,4,3,2,0,0,0,6,0,1,2,1,-1.0,1,0
8231,6,5,5,13,0,2,11,2,1,1,65,0,2,1,2,1682,16,400,1,4,4,1,7,0,0,0,0,0,3,0,2,-1.0,1,0
8245,8,2,4,13,0,6,9,3,1,1,27,0,2,1,1,2997,16,400,1,4,4,3,4,0,0,0,6,0,1,0,2,-1.0,1,0
8263,10,3,2,9,0,2,11,3,1,2,27,0,2,1,2,15198,12,400,2,4,4,0,5,0,0,0,0,1,1,2,2,-1.0,1,0
8270,2,1,6,9,0,6,3,2,0,3,45,1,1,0,5,7154,1,400,4,4,4,3,7,0,0,0,0,0,1,1,1,-1.0,2,0
8286,9,1,5,13,0,5,3,1,1,1,50,0,2,1,1,4754,3,400,1,4,4,3,7,0,0,0,6,0,1,0,2,-1.0,1,0
8292,11,3,6,6,0,1,12,3,1,1,34,1,0,0,1,6397,8,400,1,4,4,0,5,0,0,0,0,0,3,1,0,-1.0,1,0
8308,10,2,1,6,0,6,11,2,1,1,74,0,2,1,1,5510,2,400,2,4,4,0,6,0,0,0,0,0,1,0,2,-1.0,1,0
8320,7,1,3,6,0,5,8,2,1,2,0,0,1,0,5,13877,7,400,3,4,4,3,0,1,0,0,0,0,1,2,1,-1.0,2,0
8350,8,5,2,2,0,5,7,1,1,1,60,1,0,0,2,8830,12,400,4,4,4,0,6,0,0,0,3,0,1,1,0,-1.0,1,0
8355,4,1,4,13,0,6,5,2,1,1,50,0,2,1,5,7033,15,400,4,4,4,5,6,0,0,0,6,0,1,1,2,-1.0,2,0
8402,9,2,5,6,0,5,10,3,0,2,37,0,0,0,1,7710,4,400,4,4,4,1,6,0,0,0,6,0,1,1,0,-1.0,1,0
8406,11,5,4,9,0,6,11,1,1,1,36,1,2,1,3,11547,16,400,4,4,4,3,7,0,0,0,6,0,1,2,2,-1.0,2,0
8410,8,5,6,2,0,6,7,1,0,2,29,0,2,1,1,5011,12,400,4,4,4,0,5,0,0,0,0,0,1,0,2,-1.0,1,0
8415,10,2,6,15,0,1,11,3,1,1,34,0,1,0,2,7135,12,400,2,4,4,1,6,0,0,0,3,0,3,1,1,-1.0,1,1
8422,10,3,6,17,0,5,11,3,1,1,37,1,0,0,1,13857,15,400,2,4,4,0,5,0,0,0,0,0,1,2,0,-1.0,1,0
8431,5,4,6,3,0,5,6,5,0,2,21,1,1,0,1,6588,3,400,1,4,4,1,3,0,0,0,6,0,1,1,1,-1.0,1,0
8438,8,3,2,5,0,2,9,4,1,1,38,1,0,0,4,3662,14,400,4,4,4,0,7,0,0,0,0,0,1,0,0,-1.0,2,0
8475,3,4,2,11,0,6,8,2,1,2,22,0,2,1,1,10358,6,400,2,4,4,1,4,0,0,0,0,0,1,1,2,-1.0,1,1
8480,4,1,1,2,0,6,5,1,1,1,62,0,2,1,1,15390,9,400,3,4,4,0,6,0,0,0,3,0,1,2,2,-1.0,1,0
8499,6,2,5,0,0,7,7,2,1,1,65,0,6,2,5,4100,4,400,3,4,4,0,7,0,0,0,6,0,1,0,0,-1.0,2,0
8500,1,4,3,17,0,1,12,1,1,2,27,1,1,0,2,14661,10,400,2,4,4,0,5,0,0,1,0,0,1,2,1,-1.0,1,0
8512,3,2,6,9,0,7,4,2,0,2,33,1,0,0,1,1144,16,400,1,4,4,0,6,0,0,0,6,0,1,0,0,-1.0,1,0
8547,9,5,5,6,0,7,10,5,1,1,26,0,1,0,5,14086,10,400,2,4,4,3,5,0,0,0,0,0,1,2,1,-1.0,2,0
8548,1,4,2,2,0,2,11,2,1,2,30,0,1,0,2,6061,10,400,1,4,4,3,3,0,0,0,0,0,1,0,1,-1.0,1,0
8576,3,1,3,0,0,5,8,1,1,1,32,1,0,0,2,13889,4,400,3,4,4,0,5,0,0,0,0,0,1,2,0,-1.0,1,0
8583,6,4,0,17,0,1,7,4,0,2,41,0,1,0,1,9156,11,400,1,4,4,1,6,0,0,0,1,0,1,1,1,-1.0,1,0
8588,9,3,1,6,0,7,3,3,1,2,32,0,1,0,2,4920,10,400,3,4,4,0,5,0,0,0,6,0,1,0,1,-1.0,1,0
8605,7,1,6,6,0,7,8,1,1,2,0,0,4,1,5,2952,2,400,4,4,4,0,0,0,0,0,0,0,1,0,1,-1.0,2,0
8632,9,1,4,2,0,2,10,1,1,1,41,0,0,0,5,10693,7,400,1,4,4,3,6,0,0,0,3,0,1,1,0,-1.0,2,0
8636,7,4,6,13,0,2,8,4,1,1,76,0,0,0,1,1987,3,400,4,4,4,0,7,0,1,0,1,0,1,0,0,-1.0,1,0
8637,6,4,0,5,0,3,6,1,0,2,40,0,1,0,2,2739,4,400,2,4,4,0,3,0,0,0,0,0,1,0,1,-1.0,1,0
8638,10,5,2,13,0,1,5,3,1,1,58,0,1,0,2,15306,1,400,2,4,4,1,7,0,0,0,0,0,1,2,1,-1.0,1,0
8639,8,5,3,15,0,5,7,1,1,2,34,0,1,0,2,10999,7,400,1,4,4,0,5,0,0,0,0,0,1,1,1,-1.0,1,0
8641,6,2,1,5,0,5,2,1,1,1,65,0,2,1,4,11188,16,400,4,4,4,1,7,0,0,1,6,0,1,1,2,-1.0,2,0
8642,0,3,5,13,0,6,9,1,1,1,46,0,0,0,2,436,1,400,2,4,4,3,7,0,0,0,0,0,1,0,0,-1.0,1,0
8652,4,1,5,9,0,2,5,2,1,1,26,0,2,1,2,13687,7,400,1,4,4,3,6,0,0,0,6,0,1,2,2,-1.0,1,0
8681,5,2,1,2,0,2,6,2,1,1,53,0,1,0,5,15259,9,400,3,4,4,3,7,0,0,0,3,0,1,2,1,-1.0,2,0
8694,9,1,0,13,0,6,10,2,1,1,46,1,1,0,1,12855,9,400,4,4,4,1,7,0,0,0,0,0,1,2,1,-1.0,1,0
8744,6,2,6,17,0,2,7,2,1,1,63,0,0,0,1,4361,7,400,2,4,4,0,6,0,0,0,1,0,1,0,0,-1.0,1,1
8748,9,1,2,18,0,6,10,2,1,1,34,1,0,0,3,7209,5,400,3,4,4,0,4,0,0,0,0,0,1,1,0,-1.0,2,0
8750,1,5,6,17,0,5,12,1,0,2,32,0,1,0,1,3152,6,400,1,4,4,1,4,0,0,0,0,0,1,0,1,-1.0,1,0
8753,6,1,6,9,0,7,7,2,1,1,32,1,1,0,1,15242,13,400,3,4,4,0,4,0,0,0,3,0,1,2,1,-1.0,1,0
8754,8,2,4,9,0,3,7,3,1,2,34,0,1,0,1,1479,14,400,3,4,4,3,5,0,0,0,1,0,1,0,1,-1.0,1,0
8769,5,1,3,9,0,2,6,1,1,1,55,1,1,0,2,3346,8,400,2,4,4,0,7,0,0,0,6,0,1,0,1,-1.0,1,0
8796,8,3,1,6,0,6,9,3,1,1,26,1,2,1,2,8219,1,400,2,4,4,5,6,0,0,0,0,0,1,1,2,-1.0,1,0
8799,10,3,4,13,0,1,11,4,0,2,29,1,1,0,1,13505,15,400,4,4,4,1,3,0,1,0,1,0,1,2,1,-1.0,1,0
8805,9,2,0,9,0,2,10,2,1,2,33,0,1,0,2,2369,2,400,4,4,4,3,6,0,0,0,1,0,1,0,1,-1.0,1,0
8808,10,1,6,9,0,5,11,1,1,2,26,0,1,0,1,7419,3,400,1,4,4,3,5,0,0,0,6,0,1,1,1,-1.0,1,0
8812,8,4,1,13,0,2,7,3,1,2,36,1,2,1,1,2695,8,400,1,4,4,1,6,0,0,0,6,0,1,0,2,-1.0,1,0
8817,4,2,4,18,0,5,5,2,1,2,43,0,0,0,5,13745,10,400,2,4,4,0,6,0,0,0,3,0,1,2,0,-1.0,2,0
8818,11,4,0,13,0,2,12,4,1,1,29,0,2,1,1,8177,2,400,3,4,4,3,4,0,0,0,0,0,1,1,2,-1.0,1,0
8823,9,3,1,2,0,7,10,4,1,2,25,0,2,1,1,5995,14,400,1,4,4,1,4,0,0,0,0,0,1,0,2,-1.0,1,0
8841,5,3,5,17,0,6,6,4,1,2,50,0,2,1,1,9200,15,400,4,4,4,1,7,0,0,0,0,0,1,1,2,-1.0,1,0
8851,5,2,1,6,0,0,0,1,1,2,0,0,0,0,5,1517,15,400,2,4,0,0,0,0,0,0,0,0,1,0,0,-1.0,2,0
8866,4,5,2,17,0,7,4,1,1,2,28,1,1,0,1,1930,14,400,4,4,4,1,5,0,0,0,0,0,1,0,1,-1.0,1,0
8872,10,3,6,13,0,5,10,1,1,1,47,0,0,0,1,11822,9,400,3,4,4,1,6,0,0,0,6,0,1,2,0,-1.0,1,0
8913,7,1,0,17,0,4,8,1,1,1,36,0,0,0,0,358,14,500,4,4,4,1,6,0,0,0,1,2,2,0,0,-1.0,0,0
8917,8,3,2,9,0,2,9,3,1,1,50,0,2,1,1,12899,11,400,4,4,4,3,7,0,0,0,3,0,1,2,2,-1.0,1,0
8963,10,4,3,17,0,2,11,5,1,2,49,0,0,0,1,7423,6,400,1,4,4,0,6,0,0,0,6,0,1,1,0,-1.0,1,1
8988,11,3,0,9,0,6,12,3,1,2,59,0,2,1,1,2310,9,400,1,4,4,0,7,0,0,0,0,0,1,0,2,-1.0,1,0
9008,5,3,6,13,0,1,6,4,0,3,45,0,1,0,0,13268,6,400,1,4,4,0,4,0,0,0,6,0,1,2,1,-1.0,0,0
9019,5,2,1,2,0,6,6,3,1,1,37,1,8,2,5,13431,3,400,1,4,4,3,6,0,0,0,6,0,1,2,2,-1.0,2,0
9043,8,3,5,13,0,6,9,3,1,1,44,1,1,0,1,6695,5,400,4,4,4,0,6,0,0,0,6,0,1,1,1,-1.0,1,0
9044,8,5,3,2,0,6,9,5,1,2,21,0,2,1,1,2406,6,400,3,4,4,3,4,0,0,0,1,0,1,0,2,-1.0,1,0
9055,8,1,4,6,0,5,9,1,1,1,36,0,2,1,1,8892,3,400,4,4,4,1,6,0,0,0,6,0,1,1,2,-1.0,1,0
9064,8,2,3,9,0,6,9,4,1,2,29,0,1,0,1,3457,4,400,1,4,4,1,6,0,0,0,0,0,1,0,1,-1.0,1,1
9076,7,5,1,13,0,1,1,1,1,2,28,1,2,1,2,5786,3,400,4,4,4,5,4,0,0,0,0,0,1,0,2,-1.0,1,0
9080,10,2,6,2,0,2,3,2,1,1,44,0,6,2,5,1653,1,400,1,4,4,5,6,0,0,0,1,0,1,0,0,-1.0,2,0
9084,4,3,6,9,0,6,4,1,1,2,33,0,0,0,1,701,8,400,1,4,4,1,5,0,0,0,0,0,1,0,0,-1.0,1,1
9141,5,4,5,0,0,7,6,4,1,1,56,1,0,0,5,12336,10,400,3,4,4,0,7,0,0,0,0,0,1,2,0,-1.0,2,0
9143,10,1,0,6,0,3,11,2,0,2,41,0,1,0,1,4400,1,400,3,4,4,1,6,0,0,0,6,0,1,0,1,-1.0,1,0
9155,7,2,3,2,0,2,8,3,1,2,29,0,1,0,1,7475,10,400,1,4,4,0,5,0,0,0,0,0,1,1,1,-1.0,1,0
9161,11,3,0,2,0,1,12,3,1,1,46,0,2,1,1,10143,11,400,4,4,4,1,7,0,0,0,6,0,1,1,2,-1.0,1,0
9165,9,3,0,13,0,7,10,4,1,1,29,0,0,0,0,4087,4,400,1,4,4,3,6,0,0,0,3,0,1,0,0,-1.0,0,0
9175,3,4,2,2,0,7,8,1,1,2,39,0,2,1,2,8501,11,400,3,4,4,0,5,0,0,0,6,0,1,1,2,-1.0,1,0
9184,7,3,6,2,0,2,8,3,1,1,43,0,0,0,5,5552,7,400,1,4,4,3,7,0,0,0,0,1,1,0,0,-1.0,2,0
9201,6,4,6,18,0,7,7,4,1,1,53,0,2,1,5,3151,13,400,1,4,4,3,7,0,0,0,1,4,2,0,2,-1.0,2,0
9206,8,5,5,17,0,7,7,1,1,2,25,1,1,0,1,465,11,400,1,4,4,1,4,0,0,0,0,0,1,0,1,-1.0,1,0
9209,9,5,5,13,0,5,3,5,1,2,29,0,1,0,2,12891,5,400,1,4,4,1,5,0,0,0,6,0,1,2,1,-1.0,1,0
9218,5,4,3,9,0,7,6,4,1,2,32,0,2,1,5,10559,5,400,1,4,4,3,5,0,0,0,0,0,1,1,2,-1.0,2,0
9220,9,3,6,13,0,6,10,4,1,1,40,0,1,0,2,2916,16,400,1,4,4,3,5,0,0,0,6,0,1,0,1,-1.0,1,0
9230,6,3,6,9,0,5,7,3,1,2,27,1,0,0,1,9488,4,400,2,4,4,1,6,0,0,0,0,0,1,1,0,-1.0,1,0
9231,8,1,3,2,0,6,9,1,1,1,36,0,0,0,2,10652,11,400,4,4,4,3,6,1,0,0,6,0,1,1,0,-1.0,1,0
9245,5,3,2,13,0,5,12,1,0,0,30,0,1,0,1,2680,14,400,3,4,4,0,5,0,0,0,6,0,1,0,1,-1.0,1,0
9248,8,5,3,13,0,5,7,1,1,1,38,1,2,1,1,5574,1,400,1,4,4,3,6,0,0,0,0,0,1,0,2,-1.0,1,0
9292,9,1,0,2,0,5,10,2,1,1,51,0,1,0,1,5777,2,400,2,4,4,3,6,0,0,0,0,0,1,0,1,-1.0,1,0
9314,8,3,3,6,0,2,9,3,1,1,56,1,2,1,1,11602,6,400,2,4,4,1,6,0,0,0,0,0,1,2,2,-1.0,1,0
9315,4,1,6,11,0,5,5,1,1,1,38,1,1,0,1,9083,7,400,3,4,4,0,6,0,0,0,3,0,1,1,1,-1.0,1,0
9340,6,3,6,9,0,5,7,3,0,1,43,0,2,1,1,6024,7,400,3,4,4,1,6,0,0,0,6,0,1,0,2,-1.0,1,0
9349,2,4,4,17,0,5,3,5,1,2,45,0,0,0,0,2523,11,400,2,4,4,0,6,0,0,0,6,0,1,0,0,-1.0,0,0
9352,10,3,0,2,0,2,11,3,0,1,30,0,0,0,5,7213,16,400,3,4,4,1,5,0,0,0,0,0,1,1,0,-1.0,2,1
9354,8,1,5,9,0,1,9,1,1,1,49,0,1,0,1,10208,5,400,4,4,4,3,6,0,0,0,0,0,1,1,1,-1.0,1,0
9356,6,2,3,2,0,2,7,2,1,1,37,0,2,1,1,4935,10,400,3,4,4,1,7,0,0,0,6,0,1,0,2,-1.0,1,0
9360,1,1,4,13,0,5,2,1,1,2,57,0,2,1,1,9154,13,400,3,4,4,3,7,0,0,0,6,0,1,1,2,-1.0,1,0
9377,5,3,1,2,0,6,6,3,1,2,28,1,0,0,2,13617,14,400,4,4,4,1,6,0,0,0,1,0,1,2,0,-1.0,1,0
9378,6,1,2,17,0,2,7,1,1,1,41,0,1,0,1,12443,1,400,2,4,4,3,6,0,0,0,0,0,1,2,1,-1.0,1,0
9399,9,3,4,2,0,1,10,3,1,1,46,1,0,0,1,8405,10,400,3,4,4,1,7,0,0,0,3,0,1,1,0,-1.0,1,0
9403,10,5,3,3,0,7,10,1,0,1,70,1,2,1,2,9892,2,400,2,4,4,1,6,0,0,0,6,4,2,1,2,-1.0,1,0
9405,5,3,4,9,0,6,6,4,1,2,23,0,1,0,1,6136,16,400,3,4,4,1,4,0,0,0,1,0,1,0,1,-1.0,1,0
9420,7,3,4,17,0,6,8,5,1,1,43,0,0,0,5,6953,10,400,4,4,4,1,7,0,0,0,6,0,1,1,0,-1.0,2,0
9424,10,4,1,9,0,7,11,4,0,2,45,0,1,0,1,13074,10,400,4,4,4,3,6,0,0,0,3,0,1,2,1,-1.0,1,0
9441,8,2,0,9,0,5,9,3,1,1,24,0,1,0,1,12157,10,400,3,4,4,5,5,0,0,0,3,0,1,2,1,-1.0,1,1
9447,2,5,6,6,0,5,5,1,0,2,28,1,1,0,1,13294,7,400,2,4,4,3,4,0,1,0,0,4,2,2,1,-1.0,1,0
9450,6,3,1,2,0,6,7,3,1,1,26,1,1,0,1,14191,13,400,4,4,4,1,6,0,0,0,6,0,1,2,1,-1.0,1,0
9457,9,4,5,13,0,5,10,4,1,1,35,0,2,1,2,14455,16,400,1,4,4,1,6,0,0,0,3,0,1,2,2,-1.0,1,0
9466,8,2,1,17,0,7,9,3,1,2,43,0,0,0,1,7171,16,400,2,4,4,0,6,0,0,0,0,0,1,1,0,-1.0,1,0
9493,10,1,4,13,0,1,11,2,1,1,30,0,2,1,2,3140,16,400,4,4,4,3,4,0,0,0,3,0,1,0,2,-1.0,1,0
9518,1,3,6,2,0,2,12,3,1,1,52,0,0,0,2,625,4,400,4,4,4,3,7,0,0,0,1,0,1,0,0,-1.0,1,0
9537,2,1,4,2,0,3,3,1,1,1,43,0,1,0,3,8554,15,400,3,4,4,0,6,0,0,1,6,0,1,1,1,-1.0,2,0
9545,8,2,4,2,0,2,9,3,1,1,42,0,2,1,1,4877,6,400,1,4,4,3,6,0,0,0,6,0,1,0,2,-1.0,1,0
9548,6,2,5,12,0,5,7,3,1,1,39,0,1,0,2,11781,13,400,3,4,4,3,1,0,0,0,6,0,1,2,1,-1.0,1,0
9554,5,1,3,13,0,2,6,1,1,1,45,1,1,0,2,11147,6,400,4,4,4,1,6,0,0,0,1,0,1,1,1,-1.0,1,0
9557,9,1,2,2,0,3,10,2,1,1,55,0,7,2,5,1580,8,400,1,4,4,3,6,0,0,0,0,0,1,0,1,-1.0,2,0
9590,10,5,1,16,0,7,10,1,1,1,43,0,2,1,3,654,6,400,2,3,3,5,6,0,0,0,0,0,1,0,2,-1.0,2,0
9652,7,1,2,6,0,1,1,1,1,1,46,0,1,0,2,2240,14,400,2,4,4,0,7,0,0,0,1,0,1,0,1,-1.0,1,0
9656,10,1,6,17,0,1,11,3,1,1,30,0,1,0,1,10889,9,400,1,4,4,1,6,1,0,0,6,0,1,1,1,-1.0,1,0
9667,8,4,5,13,0,6,9,4,1,1,44,0,2,1,2,11443,9,400,4,4,4,3,6,0,0,0,3,0,1,2,2,-1.0,1,0
9680,8,4,3,9,0,6,7,2,1,1,40,0,0,0,2,8571,5,400,4,4,4,3,5,0,0,0,0,0,1,1,0,-1.0,1,0
9682,11,1,5,5,0,7,12,2,1,2,31,1,0,0,3,6698,12,400,4,4,4,0,5,0,0,0,3,0,1,1,0,-1.0,2,0
9706,11,3,1,9,0,5,11,1,1,1,48,0,1,0,1,13227,16,400,4,4,4,0,7,0,0,0,1,0,1,2,1,-1.0,1,0
9710,10,2,1,6,0,1,11,5,1,1,48,0,2,1,1,6591,15,400,4,4,4,5,6,0,0,0,3,0,1,1,2,-1.0,1,0
9712,5,2,3,3,0,6,6,2,0,2,32,1,2,1,1,14521,7,400,2,4,4,5,5,0,0,0,6,0,1,2,2,-1.0,1,0
9715,1,3,5,9,0,6,2,4,0,2,54,1,0,0,1,5497,14,400,1,4,4,3,6,0,0,0,3,0,1,0,0,-1.0,1,0
9741,6,1,6,0,0,5,7,1,1,1,65,0,6,2,5,2693,16,400,1,4,4,0,7,0,0,0,0,0,1,0,0,-1.0,2,0
9747,10,3,1,13,0,7,11,3,1,1,29,1,1,0,1,9186,11,400,2,4,4,3,4,0,0,0,0,0,1,1,1,-1.0,1,0
9773,5,1,1,17,0,2,6,1,1,2,30,0,1,0,1,2087,12,400,1,4,4,0,5,0,0,0,1,0,1,0,1,-1.0,1,0
9775,11,1,1,18,0,7,12,2,1,1,50,0,1,0,3,6530,16,400,4,4,4,0,7,0,0,0,1,0,1,1,1,-1.0,2,0
9825,10,3,1,13,0,5,11,3,1,1,29,0,1,0,1,7849,15,400,1,4,4,3,3,0,0,0,1,0,1,1,1,-1.0,1,0
9830,2,1,4,9,0,5,3,1,0,1,55,1,0,0,1,9091,8,400,1,4,4,1,7,0,0,0,0,0,1,1,0,-1.0,1,0
9871,7,2,3,2,0,2,8,4,1,2,29,0,2,1,5,3698,4,400,4,4,4,3,5,0,0,0,6,0,1,0,2,-1.0,2,0
9874,8,2,2,13,0,6,9,2,1,1,33,0,1,0,2,3546,10,400,4,4,4,1,4,0,0,0,0,0,1,0,1,-1.0,1,0
9876,8,4,4,6,0,5,9,5,1,2,0,0,0,0,5,5401,6,400,2,4,4,0,0,0,0,0,0,0,1,0,0,-1.0,2,0
9932,7,5,1,9,0,1,1,1,1,2,34,0,1,0,1,3583,1,400,3,4,4,1,6,0,0,0,1,0,1,0,1,-1.0,1,0
9939,5,3,5,2,0,7,6,3,1,1,78,1,1,0,2,8111,5,400,3,4,4,0,7,0,0,0,0,0,1,1,1,-1.0,1,0
9953,10,5,5,17,0,1,10,1,1,1,45,1,1,0,1,9001,15,400,4,4,4,0,5,0,0,0,6,0,1,1,1,-1.0,1,0
9958,5,2,3,6,0,2,6,2,1,1,29,0,1,0,1,14958,9,400,1,4,4,1,6,0,0,0,1,0,1,2,1,-1.0,1,0
10002,8,2,6,0,0,7,9,3,1,1,72,0,0,0,1,3570,12,400,2,4,4,0,4,0,0,0,6,0,1,0,0,-1.0,1,1
10017,10,3,5,0,0,2,11,4,1,1,38,0,2,1,3,4163,3,400,1,4,4,3,6,0,0,0,6,0,1,0,2,-1.0,2,0
10033,9,5,4,17,0,1,3,1,1,2,24,0,1,0,1,15418,4,400,4,4,4,5,4,0,0,0,1,0,1,2,1,-1.0,1,1
10063,11,4,0,17,0,1,12,4,1,1,37,0,1,0,1,10930,7,400,4,4,4,3,6,0,0,0,0,0,1,1,1,-1.0,1,0
10071,6,1,0,2,0,2,7,1,1,1,52,0,2,1,1,12602,14,400,1,4,4,5,6,0,0,0,1,0,1,2,2,-1.0,1,0
10076,10,3,2,9,0,1,11,3,1,1,39,0,1,0,1,5823,10,400,2,4,4,0,6,0,0,0,3,0,3,0,1,-1.0,1,0
10093,6,4,5,13,0,1,6,5,1,1,33,0,0,0,1,11479,13,400,1,4,4,0,5,0,0,0,0,0,1,2,0,-1.0,1,0
10099,9,2,2,11,0,6,10,5,1,1,42,0,0,0,1,4568,10,400,1,4,4,1,6,0,0,0,0,0,1,0,0,-1.0,1,0
10103,8,2,2,6,0,2,9,3,1,2,21,0,1,0,1,2496,9,400,3,4,4,1,4,0,0,0,0,0,1,0,1,-1.0,1,0
10113,3,2,0,7,0,6,4,3,0,2,29,0,2,1,2,79,16,400,1,4,4,3,4,0,0,0,3,0,1,0,2,-1.0,1,0
10137,6,4,1,18,0,7,7,5,1,1,48,0,2,1,5,8158,2,400,4,4,4,1,7,0,0,0,0,0,1,1,2,-1.0,2,0
10142,11,2,5,17,0,6,12,2,1,1,36,0,1,0,1,10744,1,400,4,4,4,0,6,0,0,0,1,0,1,1,1,-1.0,1,0
10143,7,5,4,13,0,6,1,2,1,2,37,0,1,0,1,5192,4,400,4,4,4,3,5,0,0,0,1,0,1,0,1,-1.0,1,0
10156,6,1,5,9,0,6,7,4,1,1,54,0,4,1,5,11144,3,400,2,4,4,1,6,0,0,0,0,0,1,1,1,-1.0,2,0
10242,4,1,1,6,0,7,5,1,1,2,29,0,2,1,2,11671,9,400,1,4,4,3,5,0,0,0,0,0,1,2,2,-1.0,1,0
10244,0,4,1,13,0,1,9,4,1,2,30,0,2,1,1,14109,3,400,1,4,4,3,4,0,0,0,0,0,1,2,2,-1.0,1,0
10249,10,1,3,13,0,5,11,1,1,1,50,0,1,0,2,3779,10,400,1,4,4,3,7,0,0,1,3,0,1,0,1,-1.0,1,0
10278,10,3,6,13,0,6,11,4,1,1,55,0,1,0,1,11824,16,400,1,4,4,3,5,0,0,0,3,4,2,2,1,-1.0,1,0
10299,11,4,3,6,0,7,11,1,1,1,39,0,0,0,3,10806,9,400,2,4,4,1,6,0,0,0,1,0,1,1,0,-1.0,2,0
10318,7,4,2,2,0,2,11,1,1,1,64,0,0,0,1,14225,12,400,3,4,4,1,7,0,0,0,3,0,1,2,0,-1.0,1,0
10338,9,2,1,17,0,7,10,4,1,1,44,0,1,0,1,13691,14,400,4,4,4,0,6,0,0,0,0,0,1,2,1,-1.0,1,0
10356,4,3,1,17,0,6,4,1,0,2,34,1,0,0,1,3707,10,400,3,4,4,0,5,0,0,0,0,0,1,0,0,-1.0,1,0
10363,4,2,3,17,0,5,5,3,1,2,36,0,0,0,0,509,1,400,4,4,4,0,5,0,0,0,0,0,1,0,0,-1.0,0,1
10376,11,1,3,2,0,5,12,2,0,2,27,1,0,0,1,2711,12,400,2,4,4,1,5,0,0,0,1,0,1,0,0,-1.0,1,0
10379,7,1,6,13,0,5,8,1,1,1,55,1,2,1,1,12057,10,400,1,4,4,3,6,0,0,0,6,0,1,2,2,-1.0,1,0
10382,8,1,6,9,0,5,9,2,1,1,28,0,6,2,5,14294,12,400,4,4,4,3,4,0,0,0,0,0,1,2,0,-1.0,2,0
10385,4,1,3,2,0,2,5,2,1,1,41,0,1,0,2,12727,2,400,4,4,4,0,5,0,0,0,0,4,2,2,1,-1.0,1,0
10393,8,4,3,5,0,2,9,4,1,1,48,0,1,0,3,8267,4,400,4,4,4,1,7,0,0,0,6,0,1,1,1,-1.0,2,0
10409,9,1,5,17,0,5,10,1,1,1,50,0,0,0,1,5764,10,500,2,4,4,1,7,0,0,0,6,2,1,0,0,-1.0,1,0
10427,6,1,5,17,0,5,7,2,1,1,50,0,0,0,1,12934,1,400,2,4,4,3,7,0,0,0,6,0,1,2,0,-1.0,1,0
10440,11,3,2,0,0,5,11,1,1,2,33,0,6,2,5,8305,6,400,2,4,4,0,6,0,0,0,6,0,1,1,0,-1.0,2,0
10448,8,3,6,17,0,1,7,1,0,2,31,0,2,1,1,2068,11,400,1,4,4,5,5,0,0,0,6,0,1,0,2,-1.0,1,0
10450,7,3,2,2,0,2,8,4,1,2,34,0,1,0,2,1042,15,400,2,4,4,3,5,0,0,0,6,0,1,0,1,-1.0,1,0
10454,10,2,3,7,0,7,11,2,1,1,28,1,1,0,2,10894,13,400,4,4,4,1,6,0,0,0,3,0,1,1,1,-1.0,1,0
10465,8,2,0,17,0,7,9,3,1,2,25,0,0,0,0,12682,7,400,2,4,4,0,4,0,0,0,0,0,1,2,0,-1.0,0,0
10472,3,1,6,6,0,5,4,1,1,1,67,0,0,0,0,12995,9,400,4,4,4,0,7,0,0,0,1,0,1,2,0,-1.0,0,0
10473,2,1,1,2,0,7,3,1,1,1,60,1,0,0,2,11332,9,400,4,4,4,0,7,0,0,0,6,0,1,1,0,-1.0,1,0
10475,8,1,0,17,0,6,9,4,1,1,44,0,1,0,2,11998,1,700,2,4,4,1,7,0,0,0,0,0,1,2,1,-1.0,1,1
10476,1,3,4,6,0,2,12,1,1,2,23,1,0,0,1,14118,11,400,3,4,4,0,2,0,0,0,1,0,1,2,0,-1.0,1,0
10478,10,4,0,9,0,2,11,5,0,2,29,1,0,0,1,15010,15,400,3,4,4,1,4,0,0,0,0,0,1,2,0,-1.0,1,0
10518,7,2,3,9,0,2,8,3,0,2,36,0,1,0,1,9582,11,400,1,4,4,1,7,0,0,0,6,0,1,1,1,-1.0,1,0
10519,8,4,4,13,0,1,9,4,1,1,39,0,2,1,2,3792,4,400,1,4,4,3,6,0,0,0,6,0,1,0,2,-1.0,1,0
10523,5,2,2,13,0,2,6,2,1,1,63,0,0,0,0,1426,2,400,1,4,4,1,7,1,0,0,0,0,1,0,0,-1.0,0,0
10544,7,1,2,17,0,5,8,3,1,1,43,0,1,0,1,12159,3,400,1,4,4,3,6,0,0,0,3,0,1,2,1,-1.0,1,0
10584,10,4,4,17,0,6,3,2,1,1,80,0,0,0,1,9613,12,400,3,4,4,0,5,0,0,0,6,0,1,1,0,-1.0,1,0
10599,6,4,4,6,0,6,7,4,1,2,21,0,2,1,5,12915,13,400,4,4,4,3,1,0,0,0,6,0,1,2,2,-1.0,2,0
10607,6,3,6,6,0,7,7,3,1,1,29,1,1,0,0,4680,1,400,1,4,4,5,6,0,0,0,0,0,1,0,1,-1.0,0,0
10621,5,3,6,13,0,7,6,3,1,2,43,0,1,0,1,4065,15,400,2,4,4,0,6,0,0,0,6,0,1,0,1,-1.0,1,0
10623,8,1,3,9,0,4,9,1,1,2,31,1,1,0,1,875,7,400,4,4,4,1,5,0,0,1,0,0,1,0,1,-1.0,1,0
10629,3,2,0,13,0,1,4,3,1,2,30,0,1,0,2,1200,12,400,3,4,4,1,5,0,0,0,0,0,1,0,1,-1.0,1,1
10631,9,2,0,6,0,6,10,3,0,1,46,0,1,0,2,327,7,400,2,4,4,0,6,0,0,0,3,0,1,0,1,-1.0,1,0
10643,6,3,4,13,0,1,7,3,1,1,28,1,1,0,1,1308,4,400,1,4,4,3,5,0,0,0,0,0,1,0,1,-1.0,1,0
10647,8,1,4,2,0,1,9,1,1,1,34,0,2,1,3,10537,12,400,4,4,4,3,6,0,0,0,6,0,1,1,2,-1.0,2,0
10651,8,5,3,13,0,2,9,5,0,1,28,0,1,0,1,12681,5,400,2,4,4,0,4,0,0,0,0,0,1,2,1,-1.0,1,0
10652,3,1,3,18,0,7,4,2,1,2,64,0,0,0,5,554,7,400,3,4,4,0,7,0,0,0,1,0,1,0,0,-1.0,2,0
10653,10,5,2,9,0,7,10,3,1,1,44,0,1,0,2,2994,16,400,4,4,4,0,6,0,0,0,0,0,3,0,1,-1.0,1,0
10673,7,4,4,13,0,5,8,4,1,1,29,0,1,0,1,14467,1,400,3,4,4,3,5,0,0,0,3,0,1,2,1,-1.0,1,0
10674,11,1,4,17,0,1,12,1,1,2,31,1,2,1,1,13256,15,400,1,4,4,3,5,0,0,0,0,0,1,2,2,-1.0,1,0
10686,5,2,5,6,0,5,6,3,1,2,40,0,2,1,1,14210,16,400,3,2,3,5,4,0,0,0,0,0,1,2,2,-1.0,1,0
10705,6,1,1,13,0,6,7,2,1,1,30,0,1,0,2,4317,7,400,3,4,4,3,5,0,0,0,0,0,1,0,1,-1.0,1,1
10721,8,4,6,6,0,5,9,4,1,2,40,0,1,0,1,7192,1,500,1,4,4,3,5,0,0,0,0,2,1,1,1,-1.0,1,0
10735,3,1,6,13,0,1,4,1,1,1,31,0,0,0,1,999,6,400,2,4,4,0,6,0,0,0,3,0,1,0,0,-1.0,1,1
10738,3,1,4,2,0,2,1,2,1,2,32,0,0,0,1,7374,2,400,2,4,4,0,5,0,0,0,0,0,1,1,0,-1.0,1,0
10740,10,3,4,13,0,5,11,3,1,1,50,0,2,1,2,5057,2,400,1,4,4,0,7,0,0,0,6,0,1,0,2,-1.0,1,0
10745,5,2,1,13,0,6,6,2,0,2,23,1,0,0,1,3811,13,400,3,4,4,3,3,0,0,0,3,0,1,0,0,-1.0,1,0
10746,5,3,6,13,0,2,6,4,1,1,41,0,1,0,1,11460,1,400,2,4,4,3,6,0,0,0,6,0,1,2,1,-1.0,1,0
10750,5,1,5,13,0,6,6,1,1,1,38,0,1,0,2,2444,7,400,3,4,4,3,6,0,0,0,0,0,1,0,1,-1.0,1,0
10753,4,2,5,18,0,5,5,2,1,1,49,0,1,0,5,5142,9,400,1,4,4,1,7,0,0,0,6,0,1,0,1,-1.0,2,0
10757,4,1,0,13,0,2,5,2,1,1,37,0,1,0,2,1853,3,400,2,4,4,1,6,0,0,0,0,0,1,0,1,-1.0,1,0
10784,8,4,3,17,0,1,9,4,1,2,28,0,1,0,1,11385,8,400,1,4,4,0,5,0,0,0,6,0,1,2,1,-1.0,1,0
10796,4,1,2,9,0,2,5,1,1,1,37,0,2,1,2,13731,8,400,4,4,4,3,6,0,0,0,6,0,1,2,2,-1.0,1,0
10804,7,5,6,17,0,1,9,1,1,2,28,0,0,0,1,2437,5,400,2,4,4,1,5,0,0,0,1,4,2,0,0,-1.0,1,1
10821,9,3,1,9,0,2,10,3,1,1,35,0,1,0,2,4972,8,400,2,4,4,0,6,0,0,0,0,0,1,0,1,-1.0,1,0
10836,0,4,5,17,0,5,9,4,1,2,30,0,1,0,1,5132,6,400,3,4,4,0,4,0,0,0,0,0,1,0,1,-1.0,1,0
10859,3,1,1,2,0,6,4,2,1,2,30,0,1,0,2,3691,1,400,4,4,4,0,6,0,0,0,3,0,3,0,1,-1.0,1,0
10865,10,4,1,2,0,5,11,4,1,1,75,0,0,0,5,6745,13,400,1,4,4,0,7,0,0,0,1,0,1,1,0,-1.0,2,0
10871,11,4,3,17,0,2,11,2,1,1,66,1,0,0,1,11230,4,400,4,4,4,1,7,0,0,0,6,0,1,1,0,-1.0,1,0
10874,4,2,3,2,0,6,5,2,1,2,28,0,2,1,1,4258,15,400,1,4,4,0,5,0,0,0,6,0,1,0,2,-1.0,1,0
10896,7,2,2,6,0,2,8,3,1,2,20,0,4,1,5,1979,3,400,4,4,4,3,3,0,0,0,0,0,1,0,1,-1.0,2,1
10906,6,1,4,2,0,1,7,1,0,2,31,1,1,0,1,1720,4,400,3,4,4,3,4,0,0,0,1,0,1,0,1,-1.0,1,0
10908,6,1,6,5,0,5,7,1,1,1,67,0,1,0,3,4165,8,400,3,4,4,3,6,0,0,0,1,0,1,0,1,-1.0,2,1
10909,0,4,0,9,0,5,9,2,1,2,28,0,0,0,1,2896,6,400,4,4,4,1,6,0,0,0,6,0,1,0,0,-1.0,1,0
10921,8,4,0,17,0,6,9,5,1,1,48,1,0,0,1,14069,8,400,2,4,4,3,6,0,0,0,0,0,1,2,0,-1.0,1,0
10933,3,3,3,13,0,7,8,1,1,1,54,0,0,0,0,1425,4,400,4,4,4,3,7,0,0,0,0,0,1,0,0,-1.0,0,1
10935,7,4,3,13,0,6,1,2,1,2,27,0,0,0,0,1240,12,400,4,4,4,0,5,0,0,0,3,4,2,0,0,-1.0,0,0
10938,3,1,1,17,0,2,4,1,1,1,43,0,1,0,1,13785,15,400,1,4,4,0,6,0,0,0,0,0,1,2,1,-1.0,1,0
10940,5,3,5,13,0,5,9,4,1,2,30,0,1,0,1,8492,9,400,1,4,4,3,5,0,0,0,3,0,1,1,1,-1.0,1,0
10948,10,2,1,17,0,5,11,3,1,1,43,0,0,0,5,14145,10,400,2,4,4,0,5,0,0,0,3,0,1,2,0,-1.0,2,0
11000,10,1,1,17,0,6,11,1,1,1,66,0,2,1,2,15082,10,400,1,4,4,0,5,0,0,1,6,0,1,2,2,-1.0,1,0
11001,6,5,6,13,0,2,6,1,1,1,39,0,1,0,1,7593,9,400,3,4,4,0,6,0,0,0,6,0,1,1,1,-1.0,1,0
11025,10,3,6,18,0,6,11,4,1,1,35,0,1,0,2,6936,15,400,4,4,4,1,5,0,0,0,6,0,1,1,1,-1.0,1,0
11037,5,5,2,17,0,5,2,5,0,2,33,1,0,0,1,6775,13,400,1,4,4,3,5,0,0,0,6,0,1,1,0,-1.0,1,0
11061,6,1,1,13,0,6,7,1,1,1,44,1,1,0,1,14043,1,400,3,4,4,3,5,0,0,0,6,0,1,2,1,-1.0,1,0
11073,6,2,3,13,0,6,7,3,0,1,50,0,1,0,1,11844,7,400,2,4,4,1,6,0,0,0,6,0,1,2,1,-1.0,1,0
11086,11,3,4,2,0,6,12,4,1,2,31,1,1,0,1,14592,9,400,1,4,4,1,5,0,0,0,0,0,1,2,1,-1.0,1,0
11089,3,4,1,17,0,2,4,4,1,2,27,0,1,0,0,6819,10,400,1,4,4,0,4,0,0,0,1,0,1,1,1,-1.0,0,0
11090,11,2,5,2,0,7,12,3,1,1,42,0,1,0,2,373,12,700,2,4,4,0,6,0,0,0,1,0,1,0,1,-1.0,1,0
11093,5,4,4,6,0,1,6,5,1,1,36,0,2,1,1,7719,14,400,1,4,4,3,6,0,0,0,0,0,1,1,2,-1.0,1,0
11097,3,2,1,6,0,2,4,2,1,2,0,0,2,1,5,10855,9,400,3,4,4,0,0,0,0,0,0,0,1,1,2,-1.0,2,0
11126,8,2,4,5,0,6,9,3,1,1,37,1,0,0,3,6910,5,400,4,4,4,1,6,0,0,0,3,4,2,1,0,-1.0,2,0
11127,10,3,1,2,0,2,11,4,1,1,46,0,7,2,5,4976,14,400,1,4,4,0,7,0,0,0,0,0,1,0,1,-1.0,2,0
11130,6,1,0,2,0,7,7,2,1,2,42,1,2,1,3,5089,14,400,3,4,4,1,6,0,0,0,0,0,1,0,2,-1.0,2,0
11151,10,2,6,2,0,7,3,5,1,1,28,0,6,2,5,13418,6,400,4,4,4,3,5,0,0,0,3,0,1,2,0,-1.0,2,0
11181,6,4,2,9,0,2,7,4,1,1,28,0,1,0,2,215,7,400,1,4,4,3,6,0,0,0,3,0,1,0,1,-1.0,1,0
11188,9,4,2,5,0,2,10,5,1,2,30,0,2,1,2,14496,8,400,1,4,4,5,4,0,0,0,0,0,1,2,2,-1.0,1,0
11220,11,3,4,5,0,5,12,4,1,1,55,1,1,0,2,6412,2,400,2,4,4,3,6,0,0,0,0,0,1,1,1,-1.0,1,0
11250,10,4,3,13,0,2,11,4,1,2,29,1,0,0,1,13940,4,400,1,4,4,3,5,0,0,0,6,0,1,2,0,-1.0,1,0
11252,8,4,0,17,0,2,7,1,1,2,27,0,0,0,1,15052,7,400,1,4,4,3,4,0,0,0,1,0,1,2,0,-1.0,1,0
11264,10,1,6,2,0,5,11,1,0,1,34,0,1,0,2,785,15,400,3,4,4,0,5,0,0,0,0,0,1,0,1,-1.0,1,0
11286,1,4,1,0,0,5,12,1,1,1,44,0,1,0,2,982,15,400,1,4,4,0,6,0,0,0,0,0,1,0,1,-1.0,1,0
11289,7,1,0,6,0,2,1,3,1,2,0,0,1,0,5,5976,1,400,4,4,4,1,0,0,0,0,0,0,1,0,1,-1.0,2,0
11291,6,4,2,13,0,2,7,4,0,1,41,1,0,0,1,8051,10,400,3,4,4,0,6,1,0,0,1,0,1,1,0,-1.0,1,0
11312,3,1,0,9,0,2,4,2,1,1,50,1,1,0,2,4642,6,500,1,4,4,3,7,0,0,0,3,1,2,0,1,-1.0,1,0
11319,1,5,3,17,0,5,12,1,0,2,32,0,1,0,1,669,12,400,2,4,4,0,6,0,0,0,6,0,1,0,1,-1.0,1,0
11331,11,5,0,13,0,2,11,2,0,1,34,0,1,0,1,6791,11,400,1,4,4,1,6,0,0,0,1,0,1,1,1,-1.0,1,1
11345,3,1,5,6,0,7,4,2,1,1,27,0,1,0,5,4819,2,400,2,4,4,3,0,0,0,0,0,0,1,0,1,-1.0,2,0
11351,11,4,0,9,0,1,12,4,0,2,36,0,2,1,1,11425,8,500,2,4,4,1,6,0,0,0,6,2,2,2,2,-1.0,1,0
11362,8,1,1,13,0,2,9,2,1,2,36,0,1,0,0,3268,4,400,3,4,4,0,6,0,0,0,6,0,1,0,1,-1.0,0,1
11364,10,1,6,9,0,2,11,2,1,2,29,0,1,0,2,9628,1,400,3,4,4,1,5,0,0,0,3,0,1,1,1,-1.0,1,0
11387,5,5,1,13,0,2,6,5,0,2,54,0,2,1,1,14960,16,400,1,4,4,3,6,0,0,0,6,0,1,2,2,-1.0,1,0
11396,5,1,0,6,0,6,6,1,1,1,36,1,0,0,1,1773,14,400,1,4,4,1,7,0,0,0,0,0,1,0,0,-1.0,1,0
11415,9,3,1,7,0,6,10,3,1,1,30,0,2,1,3,4831,3,400,1,4,4,0,6,0,0,0,0,4,2,0,2,-1.0,2,0
11418,9,1,2,6,0,5,10,2,1,2,45,1,1,0,2,7751,16,400,3,4,4,1,5,0,0,0,1,0,1,1,1,-1.0,1,0
11445,8,3,1,17,0,7,9,3,1,2,35,0,2,1,1,3728,5,400,2,4,4,3,3,0,0,1,0,0,1,0,2,-1.0,1,0
11456,8,5,3,17,0,2,7,1,1,2,29,1,0,0,1,612,5,400,2,4,4,1,5,0,0,0,0,0,1,0,0,-1.0,1,0
11462,9,2,6,13,0,1,10,2,1,1,33,1,1,0,1,7848,10,400,3,4,4,3,4,0,0,0,0,0,1,1,1,-1.0,1,0
11466,10,1,3,13,0,2,11,1,1,1,31,1,1,0,1,3333,3,400,4,4,4,3,6,1,0,0,0,0,1,0,1,-1.0,1,0
11472,5,3,2,6,0,2,6,3,1,2,34,1,0,0,1,10883,1,400,2,4,4,0,3,0,0,0,0,0,1,1,0,-1.0,1,0
11530,10,4,5,13,0,7,11,4,1,1,63,0,2,1,2,7433,12,400,3,4,4,0,7,0,0,1,3,0,1,1,2,-1.0,1,0
11543,4,3,0,17,0,1,5,3,1,2,34,0,2,1,5,3671,11,400,2,4,4,5,5,0,0,0,0,0,1,0,2,-1.0,2,0
11547,8,3,2,2,0,2,9,3,1,1,27,0,1,0,1,7241,6,400,3,4,4,0,5,0,0,0,0,0,1,1,1,-1.0,1,0
11550,10,1,3,0,0,6,11,1,1,1,61,0,2,1,1,12246,13,700,4,4,4,3,7,0,0,0,6,0,1,2,2,-1.0,1,0
11553,11,2,6,17,0,2,11,2,1,1,36,0,1,0,2,14570,7,400,3,4,4,3,6,0,0,0,1,0,1,2,1,-1.0,1,1
11591,10,5,2,17,0,5,10,1,1,1,53,0,0,0,2,5616,12,400,1,4,4,1,7,0,0,0,6,0,1,0,0,-1.0,1,0
11606,10,3,0,9,0,2,11,4,1,1,59,1,2,1,1,11010,10,400,2,4,4,3,7,0,0,0,6,0,1,1,2,-1.0,1,0
11653,5,1,0,13,0,2,6,1,0,3,56,0,1,0,1,566,5,400,1,4,4,1,6,0,0,0,6,0,1,0,1,-1.0,1,0
11701,6,2,6,13,0,7,7,3,1,1,39,0,1,0,2,3181,4,400,4,4,4,3,6,0,0,0,6,0,1,0,1,-1.0,1,0
11711,9,1,0,13,0,6,10,2,0,2,23,1,0,0,1,11009,9,400,1,4,4,0,4,0,0,0,3,0,1,1,0,-1.0,1,0
11723,6,5,4,6,0,1,6,1,1,1,33,0,2,1,5,3738,15,400,4,4,4,3,0,0,0,0,0,0,1,0,2,-1.0,2,0
11731,5,1,1,13,0,7,6,2,1,2,34,1,0,0,1,13279,10,400,3,4,4,0,5,0,0,0,0,0,1,2,0,-1.0,1,0
11735,4,1,4,13,0,2,5,2,0,2,30,0,0,0,1,7034,1,400,3,4,4,0,4,0,0,0,3,0,1,1,0,-1.0,1,0
11761,9,1,6,17,0,5,10,1,1,1,52,1,0,0,0,11149,6,400,1,4,4,0,7,0,0,0,1,0,1,1,0,-1.0,0,0
11770,3,1,2,6,0,5,4,2,1,2,0,0,1,0,5,1072,8,400,3,4,4,0,0,0,0,0,0,2,2,0,1,-1.0,2,1
11781,11,4,5,13,0,7,1,4,1,1,40,0,2,1,5,2323,2,400,2,4,4,3,7,0,0,0,1,0,1,0,2,-1.0,2,0
11795,1,5,3,9,0,7,12,2,1,1,42,0,0,0,0,15091,3,400,2,4,4,1,6,0,0,0,6,0,1,2,0,-1.0,0,0
11799,10,2,6,2,0,1,11,2,1,1,40,0,1,0,1,7729,1,400,4,4,4,3,6,0,0,0,3,4,2,1,1,-1.0,1,0
11839,9,4,1,5,0,1,5,2,1,1,41,0,1,0,2,12016,10,400,1,4,4,0,7,0,0,0,6,0,1,2,1,-1.0,1,0
11865,4,1,3,2,0,7,5,1,1,1,36,0,1,0,1,6925,1,400,1,4,4,0,6,0,0,0,3,0,1,1,1,-1.0,1,0
11874,6,2,3,13,0,2,7,2,1,1,39,0,0,0,1,8233,12,400,2,4,4,1,6,0,0,0,3,4,2,1,0,-1.0,1,0
11898,11,4,4,6,0,5,11,1,1,1,54,1,0,0,2,12805,7,400,3,4,4,3,7,0,0,0,0,0,1,2,0,-1.0,1,0
11902,10,3,0,0,0,2,11,3,1,1,45,0,0,0,5,12811,2,400,3,4,4,0,7,0,0,0,3,4,2,2,0,-1.0,2,0
11938,4,1,5,6,0,1,5,2,1,1,29,0,2,1,1,1962,6,400,2,4,4,3,5,0,0,0,0,0,1,0,2,-1.0,1,0
11949,4,2,3,13,0,2,5,2,1,1,54,0,1,0,1,9153,15,400,2,4,4,5,6,0,0,0,6,0,1,1,1,-1.0,1,1
11959,11,1,4,13,0,7,12,2,1,1,55,0,1,0,2,9493,3,400,4,4,4,0,7,0,0,0,6,4,2,1,1,-1.0,1,0
11967,7,1,5,17,0,5,8,1,0,2,48,0,2,1,1,13756,6,400,4,4,4,0,7,0,0,0,1,4,2,2,2,-1.0,1,0
11970,0,4,6,17,0,6,9,1,1,2,27,0,0,0,1,2337,11,400,4,4,4,3,5,0,0,0,3,0,1,0,0,-1.0,1,0
11974,6,2,3,2,0,2,7,3,1,1,55,0,0,0,2,7980,8,400,4,4,4,0,7,0,0,0,0,0,1,1,0,-1.0,1,0
11978,0,1,2,17,0,5,9,2,1,2,28,0,0,0,1,13324,16,400,2,4,4,0,6,0,0,0,0,0,1,2,0,-1.0,1,0
11980,8,3,5,6,0,7,9,3,1,2,28,0,2,1,1,11294,5,400,2,4,4,5,4,0,0,0,6,0,1,1,2,-1.0,1,0
12017,5,2,3,13,0,5,6,3,1,2,21,0,1,0,5,12190,4,400,4,4,4,0,4,0,0,0,0,2,1,2,1,-1.0,2,0
12060,2,1,1,17,0,6,9,3,1,1,39,0,0,0,2,148,1,400,3,4,4,0,7,0,0,0,6,0,2,0,0,-1.0,1,1
12074,10,4,2,6,0,7,11,4,0,2,42,0,0,0,1,7395,8,400,3,4,4,0,3,0,0,0,1,0,1,1,0,-1.0,1,1
12085,6,1,2,6,0,7,7,3,1,2,33,0,0,0,2,4342,4,400,3,4,4,3,5,0,0,0,0,0,1,0,0,-1.0,1,0
12113,8,2,0,2,0,7,9,3,1,1,44,1,1,0,5,4313,4,400,3,4,4,3,6,1,0,0,0,0,1,0,1,-1.0,2,0
12116,8,3,0,2,0,2,9,4,1,1,45,1,1,0,5,3128,2,400,2,4,4,0,6,0,0,0,0,0,1,0,1,-1.0,2,0
12120,5,1,6,13,0,5,12,5,1,1,47,0,1,0,1,8624,16,400,4,4,4,0,7,0,0,0,0,0,1,1,1,-1.0,1,0
12129,1,1,4,9,0,1,2,1,1,1,51,0,1,0,1,1363,10,400,2,4,4,3,7,0,0,0,1,0,1,0,1,-1.0,1,0
12149,7,2,4,13,0,5,8,2,0,1,47,0,2,1,2,10359,15,400,4,4,4,3,6,0,0,0,0,0,1,1,2,-1.0,1,0
12158,11,3,6,2,0,5,12,3,1,2,45,0,1,0,2,10658,10,400,1,4,4,0,6,0,0,0,3,0,1,1,1,-1.0,1,0
12161,6,2,4,13,0,6,7,3,1,1,26,0,0,0,1,12694,5,400,2,4,4,1,6,0,0,0,3,0,1,2,0,-1.0,1,0
12180,4,2,5,17,0,7,5,2,1,1,27,0,0,0,5,7096,14,400,3,4,4,1,5,0,0,0,6,0,1,1,0,-1.0,2,0
12194,7,5,5,2,0,7,8,5,1,2,30,0,1,0,1,11847,16,400,1,4,4,0,5,0,0,0,0,0,1,2,1,-1.0,1,0
12204,6,5,6,9,0,2,6,1,1,2,33,1,4,1,5,4558,4,400,1,4,4,1,4,1,0,0,6,4,2,0,1,-1.0,2,0
12206,8,2,3,17,0,5,9,2,1,2,30,0,2,1,1,10760,14,400,4,4,4,0,5,0,0,0,1,0,1,1,2,-1.0,1,0
12209,6,4,0,17,0,5,7,5,1,1,51,0,2,1,1,9376,16,400,1,4,4,5,7,0,0,0,0,0,1,1,2,-1.0,1,0
12224,11,1,3,0,0,5,10,1,1,1,51,0,0,0,2,3767,7,400,2,4,4,0,7,0,0,0,6,0,1,0,0,-1.0,1,0
12228,4,2,3,17,0,2,4,3,1,2,33,0,1,0,2,14001,15,400,2,4,4,3,5,0,0,0,0,0,1,2,1,-1.0,1,0
12237,10,2,0,2,0,1,11,3,1,1,32,1,1,0,1,11400,13,400,1,4,4,3,6,0,0,0,6,0,1,2,1,-1.0,1,0
12279,9,1,2,9,0,1,10,2,0,2,27,0,1,0,1,11138,2,400,2,4,4,3,6,0,0,0,3,0,1,1,1,-1.0,1,0
12306,4,2,4,5,0,7,4,1,1,1,47,0,8,2,5,10429,16,400,1,4,4,0,7,0,0,0,0,0,1,1,2,-1.0,2,0
12319,7,4,6,9,0,5,8,4,1,1,47,1,1,0,1,3951,15,400,3,4,4,3,7,0,0,0,0,0,1,0,1,-1.0,1,0
12321,9,3,4,2,0,7,3,5,1,1,47,0,2,1,1,5065,8,400,4,4,4,0,7,0,0,0,0,0,1,0,2,-1.0,1,0
